route_id,route_short_name,route_long_name,route_desc,route_type,route_color
6,100,Hinjawadi Maan Phase 3 to Ma Na Pa Dengle Pul Nadikathi (UP),,3,
7,100,Ma Na Pa Dengle Pul Nadikhathi to Hinjawadi Maan Phase 3 (DOWN),,3,
10,103,Kothrud Depot to Katraj (UP),,3,
11,103M,Kothrud Depot to Katraj (UP),,3,
12,103M,Katraj to Kothrud Depot (DOWN),,3,
13,103,Katraj to Kothrud Depot (DOWN),,3,
14,104,Dsk Vishwa to Shivaji Nagar (UP),,3,
15,104,Shivaji Nagar to Dsk Vishwa (DOWN),,3,
16,107,Pimplegurav to Ganpati Matha (UP),,3,
17,107,Ganpati Matha to Pimplegurav (DOWN),,3,
18,108,Pune Station Moledina Road to Sutardara (UP),,3,
19,108,Sutardara to Pune Station Moledina Stand (DOWN),,3,
28,111M,Ma Na Pa Congress Bhavan to Bhekrai Nagar (UP),,3,
29,111M,Bhekrai Nagar to Ma Na Pa Congress Bhavan (DOWN),,3,
36,113,Sangvi Vasantdada Putala to Vasant Talkies (UP),,3,
37,113,Vasant Talkies to Sangvi Vasantdada Putala (DOWN),,3,
38,114,Bajirao Padale Chowk Mhalunge to Ma Na Pa Main Gate (UP),,3,
39,114,Ma Na Pa Main Gate to Bajirao Padale Chowk Mhalunge (DOWN),,3,
40,115,Hinjawadi Maan Phase 3 to Pune Station Moledina Stand (UP),,3,
41,115,Pune Station Moledina Stand to Hinjawadi Maan Phase 3 (DOWN),,3,
45,117,Dhayareshwar Mandir to Swargate Natraj Stand (UP),,3,
47,117,Swargate Natraj Stand to Dhayareshwar Mandir (DOWN),,3,
48,118A,Suncity to Swargate Natraj Stand (UP),,3,
49,118A,Swargate Natraj Stand to Suncity (DOWN),,3,
55,118,Vadgaon Budruk Stand to Swargate Natraj Stand (UP),,3,
57,118,Swargate Natraj Stand to Vadgaon Budruk Stand (DOWN),,3,
58,119A,Charholigaon to Ma Na Pa Daphale Garage (UP),,3,
59,119A,Ma Na Pa Daphale Garage to Charholigaon (DOWN),,3,
60,119,Alandi to Ma Na Pa Daphale Garage (UP),,3,
61,119,Ma Na Pa Daphale Garage to Alandi (DOWN),,3,
62,11A,Kasarwadi Railway Station to Marketyard Depot (UP),,3,
63,11A,Marketyard Depot to Kasarwadi Railway Station (DOWN),,3,
66,11C,Pimplegurav to Katraj (UP),,3,
67,11C,Katraj to Pimplegurav (DOWN),,3,
68,11,Pimplegurav to Marketyard Depot (UP),,3,
69,11,Marketyard Depot to Pimplegurav (DOWN),,3,
70,120,Endurance Systems Chakan Mahalunge to Bhosari Chakan Road (UP),,3,
71,120,Bhosari Chakan Road to Endurance Systems Chakan Mahalunge (DOWN),,3,
72,121,Bhosari Terminal to Ma Na Pa Main Stand (UP),,3,
73,121,Ma Na Pa Main Stand to Bhosari Terminal (DOWN),,3,
78,122,Chinchwadgaon to Ma Na Pa Main Stand (UP),,3,
79,122,Ma Na Pa Main Stand to Chinchwadgaon (DOWN),,3,
80,123,Nigdi Bhakti Shakti to Ma Na Pa Main Stand (UP),,3,
81,123,Ma Na Pa Main Stand to Nigdi Bhakti Shakti (DOWN),,3,
82,124,Neilsoft Company infosys Phase 3 to Aundhgaon (UP),,3,
83,124,Aundhgaon to Neilsoft Company infosys Phase 3 (DOWN),,3,
96,126,Pimple Nilakh to Bopkhel (UP),,3,
100,126,Bopkhel to Pimple Nilakh (DOWN),,3,
102,12,Shivaji Nagar to Upper Depot (UP),,3,
103,12,Upper Depot to Shivaji Nagar (DOWN),,3,
110,130,Swargate to Narhegaon (UP),,3,
111,130,Narhegaon to Swargate (DOWN),,3,
112,131,Golegaon Gram Panchayat to Ma Na Pa Dengle Pul Nadikhathi (UP),,3,
113,131,Ma Na Pa Dengle Pul Nadikathi to Golegaon Gram Panchayat (DOWN),,3,
114,132,Shubham Society Nagar Road to Ma Na Pa Shramik Bhavan (UP),,3,
115,132,Ma Na Pa Shramik Bhavan to Shubham Society Nagar Road (DOWN),,3,
116,133A,Columbia Hospital to Ma Na Pa Shramik Bhavan (UP),,3,
117,133A,Ma Na Pa Shramik Bhavan to Columbia Hospital (DOWN),,3,
118,133,Anand Park Vadgaon Sheri Road to Ma Na Pa Shramik Bhavan (UP),,3,
119,133,Ma Na Pa Shramik Bhavan to Anand Park Vadgaon Sheri Road (DOWN),,3,
124,135,Ranjangaon Sandas to Ma Na Pa Shramik Bhavan (UP),,3,
125,135,Ma Na Pa Shramik Bhavan to Ranjangaon Sandas (DOWN),,3,
126,136,Vadegaon to Kesnand Phata Wagholi (UP),,3,
127,136,Wagholi Kesnand Phata to Vadegaon (DOWN),,3,
130,137,Pargaon Salu Malu to Ma Na Pa Shramik Bhavan (UP),,3,
131,137,Ma Na Pa Shramik Bhavan to Pargaon Salu Malu (DOWN),,3,
134,139A,Nigdi Bhakti Shakti Stand to Bhekrai Nagar (UP),,3,
135,139A,Bhekrai Nagar to Nigdi Bhakti Shakti Stand (DOWN),,3,
138,139,Nigdi Bhakti Shakti to Shewalewadi Depot (UP),,3,
139,139,Shewalewadi Depot to Nigdi Bhakti Shakti (DOWN),,3,
142,13,Shivaji Nagar to Upper Depot (UP),,3,
145,13,Upper Depot to Shivaji Nagar (DOWN),,3,
146,140A,Pune Station Jayprakash Stand to Katraj Kondhwa Road (UP),,3,
147,140A,Katraj Kondhwa Road to Pune Station Jayprakash Stand (DOWN),,3,
148,140,Pune Station Jayprakash Stand to Upper Depot (UP),,3,
149,140,Upper Depot to Pune Station Jayprakash Stand (DOWN),,3,
150,141,Pune Station Jayprakash Stand to Kumar Pruthvi Kondhwa (UP),,3,
151,141,Kumar Pruthvi Kondhwa to Pune Station Jayprakash Stand (DOWN),,3,
152,142,Ghotawade Phata to Pune Station Moledina Stand (UP),,3,
153,142,Pune Station Depot to Ghotawade Phata (DOWN),,3,
154,143,Pune Station Moledina Stand to Galinde Path (UP),,3,
155,143,Galinde Path to Pune Station Moledina Stand (DOWN),,3,
158,144A,Pune Station Moledina Stand to Aditya Garden City (UP),,3,
159,144A,Aditya Garden City to Pune Station Moledina Stand (DOWN),,3,
162,144,Pune Station Moledina Stand to Nda 10 No. Gate (UP),,3,
165,144,Nda 10 No. Gate to Pune Station Moledina Stand (DOWN),,3,
166,145,Sutarwadi Depot to Pune Station Depot (UP),,3,
167,145,Pune Station Depot to Sutarwadi Depot (DOWN),,3,
168,146,Gokhale Nagar Police Line to Pune Station Jayprakash Stand (UP),,3,
169,146,Pune Station Jayprakash Stand to Gokhale Nagar Police Line (DOWN),,3,
170,147,Nhavi Sandas to Ma Na Pa Shramik Bhavan (UP),,3,
171,147,Ma Na Pa Shramik Bhavan to Nhavi Sandas (DOWN),,3,
174,148A,Bhosari Terminal to Bhekrai Nagar (UP),,3,
175,148A,Bhekrai Nagar to Bhosari Terminal (DOWN),,3,
176,148,Pimplegurav to Shewalewadi Depot (UP),,3,
177,148,Shewalewadi Depot to Pimplegurav (DOWN),,3,
178,149,Nigdi Bhakti Shakti Stand to Hadapsar Gadital (UP),,3,
179,149,Hadapsar Gadital to Nigdi Bhakti Shakti Stand (DOWN),,3,
182,151,Alandi to Pune Station Moledina Stand (UP),,3,
183,151,Pune Station Moledina Stand to Alandi (DOWN),,3,
191,152,Lohegaon to Ma Na Pa Daphale Garage (UP),,3,
194,152,Ma Na Pa Daphale Garage to Dimond Water Park (DOWN),,3,
195,153,Alandi to Kharadi Gaon (UP),,3,
196,153,Kharadi Gaon to Alandi (DOWN),,3,
197,154,Dimond Water Park to Pune Station Moledina Stand (UP),,3,
198,154,Pune Station Moledina Stand to Dimond Water Park (DOWN),,3,
199,155,Dimond Water Park to Pune Station Moledina Stand (UP),,3,
200,155,Pune Station Moledina Stand to Dimond Water Park (DOWN),,3,
205,157,JSPM Vidhyapith Wagholi to Ma Na Pa Shramik Bhavan (UP),,3,
206,157,Ma Na Pa Shramik Bhavan to JSPM Vidhyapith Wagholi (DOWN),,3,
207,158A,Dimond Water Park to Ma Na Pa Dengle Pul Nadikathi (UP),,3,
208,158A,Ma Na Pa Dengle Pul Nadikhathi to Dimond Water Park (DOWN),,3,
213,158,Pride World City Lohegaon to Ma Na Pa Dengle Pul Nadikathi (UP),,3,
214,158,Ma Na Pa Dengle Pul Nadikhathi to Pride World City Lohegaon (DOWN),,3,
217,159B,Loni Dhamni to Ma Na Pa Shramik Bhavan (UP),,3,
218,159B,Ma Na Pa Shramik Bhavan to Loni Dhamni (DOWN),,3,
221,159,Talegaon Dhamdhere Bazar to Ma Na Pa Shramik Bhavan (UP),,3,
222,159,Ma Na Pa Shramik Bhavan to Talegaon Dhamdhere Bazar (DOWN),,3,
223,15,Dsk Vishwa to Bhekrai Nagar (UP),,3,
224,15,Bhekrai Nagar to Dsk Vishwa (DOWN),,3,
225,160,Manjari Budruk to Shaniwarwada Stand (UP),,3,
226,160,Shaniwarwada Stand to Manjari Budruk (DOWN),,3,
234,161,Zilla Parishad Shala Karegaon to Kesnand Phata Wagholi (UP),,3,
236,161,Wagholi Kesnand Phata to Zilla Parishad Shala Karegaon (DOWN),,3,
237,162,Pabal Gaon to Ma Na Pa Shramik Bhavan (UP),,3,
238,162,Ma Na Pa Shramik Bhavan to Pabal Gaon (DOWN),,3,
241,163,Dhole Patil Collage to Pune Station Ambedkar Putala (UP),,3,
242,163,Pune Station Ambedkar Putala to Dhole Patil Collage (DOWN),,3,
245,164,Nhavare to Ma Na Pa Shramik Bhavan (UP),,3,
246,164,Ma Na Pa Shramik Bhavan to Nhavare (DOWN),,3,
247,165,Vadgaon Sheri to Ma Na Pa Dengle Pul Nadikhathi (UP),,3,
248,165,Ma Na Pa Dengle Pul Nadikathi to Vadgaon Sheri (DOWN),,3,
255,166,Lohgaon Airport to Pune Station Ambedkar Putala (UP),,3,
256,166,Pune Station Ambedkar Putala to Lohegaon Airport (DOWN),,3,
259,167,Kesnand Phata Wagholi to Bhekrai Nagar (UP),,3,
262,167,Bhekrai Nagar to Wagholi Kesnand Phata (DOWN),,3,
265,168,Keshav Nagar to Shaniwarwada Stand (UP),,3,
266,168,Shaniwarwada Stand to Keshav Nagar (DOWN),,3,
267,169,Keshav Nagar to Shaniwarwada Stand (UP),,3,
270,169,Shaniwarwada Stand to Keshav Nagar (DOWN),,3,
279,172,Pune Station Jayprakash Stand to Yewalewadi (UP),,3,
280,172,Yewalewadi to Pune Station Jayprakash Stand (DOWN),,3,
281,174,Nda 10 No. Gate to Pune Station Moledina Stand (UP),,3,
282,174,Pune Station Moledina Stand to Nda 10 No. Gate (DOWN),,3,
285,175,Hadapsar Gadital to Shaniwarwada Stand (UP),,3,
286,175,Shaniwarwada Stand to Hadapsar Gadital (DOWN),,3,
287,176,Vadachi Wadi to Pune Station Depot (UP),,3,
288,176,Pune Station Depot to Vadachi Wadi (DOWN),,3,
291,177,Bhangire Nagar Mahamadwadi to Pune Station Depot (UP),,3,
292,177,Pune Station Depot to Bhangire Nagar Mahamadwadi (DOWN),,3,
293,179,Lohegaon Khandoba Mal to Hadapsar Gadital (UP),,3,
294,179,Hadapsar Gadital to Lohegaon Khandoba Mal (DOWN),,3,
297,17,Narhegaon to Shivaji Nagar (UP),,3,
298,17,Shivaji Nagar to Narhegaon (DOWN),,3,
299,180,Bhekrai Nagar to Na Ta Wadi (UP),,3,
300,180,Na Ta Wadi to Bhekrai Nagar (DOWN),,3,
311,183,Wagholi Kesnand Phata to Hadapsar Gadital Solapur Road (UP),,3,
312,183,Hadapsar Gadital Solapur Road to Wagholi Kesnand Phata (DOWN),,3,
313,184,Ramdara to Hadapsar Gadital Solapur Road (UP),,3,
314,184,Hadapsar Gadital Solapur Road to Ramdara (DOWN),,3,
315,185,Kesnand Phata Wagholi to Hadapsar Gadital Solapur Road (UP),,3,
316,185,Hadapsar Gadital Solapur Road to Wagholi Kesnand Phata (DOWN),,3,
317,186,Jspm College to Hadapsar Gadital (UP),,3,
318,186,Hadapsar Gadital to Jspm College (DOWN),,3,
321,188,Katraj Kondhwa Road to Hadapsar Gadital (UP),,3,
322,188,Hadapsar Gadital to Katraj Kondhwa Road (DOWN),,3,
323,189,Dhangar Vasti to Hadapsar Gadital (UP),,3,
324,189,Hadapsar Gadital to Dhangar Vasti (DOWN),,3,
327,192,Vadachi Wadi to Hadapsar Gadital (UP),,3,
328,192,Hadapsar Gadital to Vadachi Wadi (DOWN),,3,
347,19A,Swargate to Yewalewadi (UP),,3,
348,19A,Yewalewadi to Swargate (DOWN),,3,
351,19,Swargate to Yewalewadi (UP),,3,
352,19,Yewalewadi to Swargate (DOWN),,3,
355,200,Alandi to Shewalewadi Depot (UP),,3,
356,200,Shewalewadi Depot to Alandi (DOWN),,3,
357,201,Alandi to Bhekrai Nagar (UP),,3,
358,201,Bhekrai Nagar to Alandi (DOWN),,3,
359,202,Ganpati Matha to Shewalewadi Depot (UP),,3,
360,202,Shewalewadi Depot to Ganpati Matha (DOWN),,3,
364,203,Shewalewadi Depot to Pune Station Moledina Stand (DOWN),,3,
365,204,Chinchwadgaon to Bhekrai Nagar (UP),,3,
366,204,Bhekrai Nagar to Chinchwadgaon Aundh Road / Chinchwadgaon (DOWN),,3,
367,205,Sangvi Vasantdada Putala to Shewalewadi Depot (UP),,3,
368,205,Shewalewadi Depot to Sangvi Vasantdada Putala (DOWN),,3,
371,207A,Saswad to Hadapsar Gadital (UP),,3,
372,207A,Hadapsar Gadital to Saswad (DOWN),,3,
373,207,Saswad to Swargate (UP),,3,
379,207,Swargate to Saswad (DOWN),,3,
380,208,Hinjawadi Maan Phase 3 to Bhekrai Nagar (UP),,3,
381,208,Bhekrai Nagar to Hinjawadi Maan Phase 3 (DOWN),,3,
382,209A,Saswad to Swargate (UP),,3,
383,209A,Swargate to Saswad (DOWN),,3,
386,209,Saswad to Katraj Kondhwa Road (UP),,3,
387,209,Katraj Kondhwa Road to Saswad (DOWN),,3,
392,210,Midc Jejuri to Hadapsar Gadital (UP),,3,
393,210,Hadapsar Gadital to Midc Jejuri (DOWN),,3,
1274,211,Uruli Kanchan to Saswad (UP),,3,
1275,211,Saswad to Uruli Kanchan (DOWN),,3,
396,212,Morgaon St Stand to Hadapsar Gadital (UP),,3,
397,212,Hadapsar Gadital to Morgaon St Stand (DOWN),,3,
400,213,Nira to Hadapsar Gadital (UP),,3,
401,213,Hadapsar Gadital to Nira (DOWN),,3,
402,214,Shingad Collage Ambegaon to Katraj (UP),,3,
403,214,Katraj to Shingad Collage Ambegaon (DOWN),,3,
404,215,Swargate to Chintamani Dnyanpith (UP),,3,
405,215,Chintamani Dnyanpith to Swargate (DOWN),,3,
410,216,Shivaji Nagar to Bharati Vidyapeeth (UP),,3,
411,216,Bharati Vidyapeeth to Shivaji Nagar (DOWN),,3,
414,219,Alandi to Kothrud Depot (UP),,3,
415,219,Kothrud Depot to Alandi (DOWN),,3,
418,21,Sangvi Vasantdada Putala to Swargate (UP),,3,
419,21,Swargate to Sangvi Vasantdada Putala (DOWN),,3,
422,221,I V Estate Wagholi to Wagholi Kesnand Phata (UP),,3,
423,221,Kesnand Phata Wagholi to IV VILLA LANE NO. 1 (DOWN),,3,
424,225,Hinjawadi Maan Phase 3 to Kharadi Gaon (UP),,3,
425,225,Kharadi Gaon to Hinjawadi Maan Phase 3 (DOWN),,3,
432,227A,Mhasoba Mandir Kharawade to Marketyard Depot (UP),,3,
433,227A,Marketyard Depot to Mhasoba Mandir Kharawade (DOWN),,3,
434,227,Marnewadi to Marketyard Depot (UP),,3,
435,227,Marketyard Depot to Marnewadi (DOWN),,3,
440,228,Vadgaon Mawal to Katraj (UP),,3,
445,228,Katraj to Vadgaon Mawal (DOWN),,3,
448,231,Shilim Gaon to Marketyard Depot (UP),,3,
449,231,Marketyard Depot to Shilim Gaon (DOWN),,3,
450,232,Gram Panchayat Belawade to Marketyard Depot (UP),,3,
451,232,Marketyard Depot to Gram Panchayat Belawade (DOWN),,3,
452,233A,Kolwan Gaon to Marketyard Depot (UP),,3,
453,233A,Marketyard Depot to Kolwan Gaon (DOWN),,3,
454,233B,Bhadasgaon to Marketyard Depot (UP),,3,
455,233B,Marketyard Depot to Bhadasgaon (DOWN),,3,
456,233,Paud Shashkiy Vishram Gruh to Marketyard Depot (UP),,3,
457,233,Marketyard Depot to Paud Shashkiy Vishram Gruh (DOWN),,3,
458,234,Dhole Patil Collage to Ma Na Pa Shramik Bhavan (UP),,3,
459,234,Ma Na Pa Shramik Bhavan to Dhole Patil Collage (DOWN),,3,
460,235,Kharadi Gaon to Katraj (UP),,3,
461,235,Katraj to Kharadi Gaon (DOWN),,3,
462,236,Kesnand Phata Wagholi to Katraj (UP),,3,
463,236,Katraj to Wagholi Kesnand Phata (DOWN),,3,
464,24A,Lohegaon to Katraj (UP),,3,
465,24A,Katraj to Lohegaon (DOWN),,3,
468,24,Maharashtra Housing Board Samta Nagar to Katraj (UP),,3,
469,24,Katraj to Maharashtra Housing Board Samta Nagar (DOWN),,3,
472,256,Balewadi Depot to Pune Station Moledina Stand (UP),,3,
473,256,Pune Station Moledina Stand to Balewadi Depot (DOWN),,3,
1244,257A,Indian Oil Petrol Pump Tulapur to Wagholi Kesnand Phata (UP),,3,
1245,257A,Wagholi Kesnand Phata to Indian Oil Petrol Pump Tulapur (DOWN),,3,
476,257,Alandi to Panaychi Taki Markal (UP),,3,
477,257,Panaychi Taki Markal to Alandi (DOWN),,3,
478,258,Nilanjan Society Soosgaon to Ma Na Pa Main Gate (UP),,3,
479,258,Ma Na Pa Main Gate to Nilanjan Society Soosgaon (DOWN),,3,
484,262,Sant Tukaram Maharaj Krida Sankul Dehugaon to Pune Station Moledina Stand (UP),,3,
485,262,Pune Station Moledina Stand to Sant Tukaram Maharaj Krida Sankul Dehugaon (DOWN),,3,
486,264,Pabal Gaon to Bhosari Pmt Chowk (UP),,3,
487,264,Bhosari Pmt Chowk to Pabal Gaon (DOWN),,3,
488,26,Shivaji Nagar to Dhankawadi (UP),,3,
489,26,Dhankawadi to Shivaji Nagar (DOWN),,3,
494,276,Chinchwadgaon to Ganpati Matha (UP),,3,
495,276,Ganpati Matha to Chinchwadgaon Aundh Road / Chinchwadgaon (DOWN),,3,
496,277,Bhosari Terminal to Kothrud Depot (UP),,3,
497,277,Kothrud Depot to Bhosari Terminal (DOWN),,3,
498,279,Katar Khadak to Marketyard Depot (UP),,3,
499,279,Marketyard Depot to Katar Khadak (DOWN),,3,
500,281,Nigdi Bhakti Shakti to Ganpati Matha (UP),,3,
501,281,Ganpati Matha to Nigdi Bhakti Shakti (DOWN),,3,
502,282,Bhosari Terminal to Ganpati Matha (UP),,3,
503,282,Ganpati Matha to Bhosari Terminal (DOWN),,3,
504,283,Pune Station Moledina Stand to Kumbare Park (UP),,3,
505,283,Kumbare Park to Pune Station Moledina Stand (DOWN),,3,
510,290,Swargate to Jambhulwadi (UP),,3,
511,290,Jambhulwadi to Swargate (DOWN),,3,
512,291,Hadapsar Gadital to Katraj Kondhwa Road (UP),,3,
513,291,Katraj Kondhwa Road to Hadapsar Gadital (DOWN),,3,
521,292,Kondhanpur to Balaji Nagar Corner Satara Road (UP),,3,
523,292,Balaji Nagar Corner Satara Road to Kondhanpur (DOWN),,3,
524,293,Saswad to Balaji Nagar Corner Satara Road (UP),,3,
525,293,Balaji Nagar Corner Satara Road to Saswad (DOWN),,3,
530,296A,Vangniwadi to Balaji Nagar Corner Satara Road (UP),,3,
531,296A,Balaji Nagar Corner Satara Road to Vangniwadi (DOWN),,3,
532,296,Velhe to Balaji Nagar Corner Satara Road (UP),,3,
533,296,Balaji Nagar Corner Satara Road to Velhe (DOWN),,3,
534,297,Shivaji Nagar to Rajas Society (UP),,3,
535,297,Rajas Society to Shivaji Nagar (DOWN),,3,
538,298,Chinchwadgaon to Gujarwadi Pmt Bus Stand (UP),,3,
539,298,Gujarwadi Pmt Bus Stand to Chinchwadgaon Aundh Road / Chinchwadgaon (DOWN),,3,
540,299,Bhosari Terminal to Gujarwadi Pmt Bus Stand (UP),,3,
541,299,Gujarwadi Pmt Bus Stand to Bhosari Terminal (DOWN),,3,
544,29,Alandi to Swargate (UP),,3,
545,29,Swargate to Alandi (DOWN),,3,
546,2A,Shivaji Nagar to Katraj (UP),,3,
547,2A,Katraj to Shivaji Nagar (DOWN),,3,
551,2,Shivaji Nagar to Swargate (UP),,3,
552,2,Swargate to Shivaji Nagar (DOWN),,3,
553,301A,Bhekrai Nagar to Katraj (UP),,3,
554,301A,Katraj to Bhekrai Nagar (DOWN),,3,
557,301,Shewalewadi Depot to Katraj (UP),,3,
560,301,Katraj to Shewalewadi Depot (DOWN),,3,
561,302A,Alandi to Pimprigaon (UP),,3,
562,302A,Pimprigaon to Alandi (DOWN),,3,
565,302,Bhosari Gavhane Vasti to Pimprigaon (UP),,3,
566,302,Pimprigaon to Bhosari Gavhane Vasti (DOWN),,3,
567,303A,Gahunjegaon to Nigdi Pawale Chowk (UP),,3,
568,303A,Nigdi Pawale Chowk to Gahunjegaon (DOWN),,3,
569,303,Akurdi Railway Station to Nigdi Pawale Chowk (UP),,3,
570,303,Nigdi Pawale Chowk to Akurdi Railway Station (DOWN),,3,
571,304,Bhosari Gavhane Vasti to Chinchwadgaon (UP),,3,
572,304,Chinchwadgaon to Bhosari Gavhane Vasti (DOWN),,3,
573,305A,Greenbase Industrial Park Navlakh Umbre to Nigdi Pawale Chowk (UP),,3,
574,305A,Nigdi Pawale Chowk to Greenbase Industrial Park Navlakh Umbre (DOWN),,3,
575,305B,Mindewadi Navlakh Umbre to Nigdi Pawale Chowk (UP),,3,
576,305B,Nigdi Pawale Chowk to Mindewadi Navlakh Umbre (DOWN),,3,
577,305,Vadgaon Mawal to Nigdi Pawale Chowk (UP),,3,
578,305,Nigdi Pawale Chowk to Vadgaon Mawal (DOWN),,3,
579,306A,Hinjewadi Hills Dattawadi to Dange Chowk (UP),,3,
580,306A,Dange Chowk to Hinjewadi Hills Dattawadi (DOWN),,3,
581,306,Megapolis Phase 3 to Dange Chowk (UP),,3,
582,306,Dange Chowk to Megapolis Phase 3 (DOWN),,3,
583,307,ISKCON Mandir in Shindewasti Ravet to Chinchwadgaon (UP),,3,
584,307,Chinchwadgaon to ISKCON Mandir in Shindewasti Ravet (DOWN),,3,
585,308,Gharkul Vasahat Chikhali to Nigdi Pawale Chowk (UP),,3,
586,308,Nigdi Pawale Chowk to Gharkul Vasahat Chikhali (DOWN),,3,
587,309,Sant Tukaram Maharaj Krida Sankul Dehugaon to Alandi (UP),,3,
588,309,Alandi to Sant Tukaram Maharaj Krida Sankul Dehugaon (DOWN),,3,
589,30,Ghotawade Phata to Marketyard Depot (UP),,3,
590,30,Marketyard Depot to Ghotawade Phata (DOWN),,3,
597,312,Chinchwadgaon to Pune Station Depot (UP),,3,
598,312,Pune Station Depot to Chinchwadgaon (DOWN),,3,
603,313,Chandkhed to Chinchwadgaon (UP),,3,
604,313,Chinchwadgaon to Chandkhed (DOWN),,3,
605,314,Chakan Ambethan Chowk to Nigdi Pawale Chowk (UP),,3,
606,314,Nigdi to Chakan Ambethan Chowk (DOWN),,3,
607,315,Bhosari Pmt Chowk to Pune Station Sassoon Road (UP),,3,
608,315,Pune Station Sassoon Road to Bhosari Pmt Chowk (DOWN),,3,
609,316,Katar Khadak to Chinchwadgaon (UP),,3,
610,316,Chinchwadgaon to Katar Khadak (DOWN),,3,
613,317,Sambhaji Nagar to Pune Station Depot (UP),,3,
614,317,Pune Station Depot to Sambhaji Nagar (DOWN),,3,
623,320,Hinjawadi Maan Phase 3 to Chinchwadgaon (UP),,3,
624,320,Chinchwadgaon to Hinjawadi Maan Phase 3 (DOWN),,3,
625,321,Megapolis Phase 3 to Neilsoft Company infosys Phase 3 (UP),,3,
626,321,Neilsoft Company infosys Phase 3 to Megapolis Phase 3 (DOWN),,3,
627,322A,Akurdi Railway Station to Ma Na Pa Main Gate (UP),,3,
628,322A,Ma Na Pa Main Gate to Akurdi Railway Station (DOWN),,3,
629,322,Akurdi Railway Station to Ma Na Pa Main Gate (UP),,3,
630,322,Ma Na Pa Main Gate to Akurdi Railway Station (DOWN),,3,
631,323A,Gharkul Vasahat Chikhali to Ma Na Pa Main Stand (UP),,3,
632,323A,Ma Na Pa Main Stand to Gharkul Vasahat Chikhali (DOWN),,3,
633,323,Nageshwar Vidyalaya Chikhli to Ma Na Pa Main Stand (UP),,3,
634,323,Ma Na Pa Main Stand to Nageshwar Vidyalaya Chikhli (DOWN),,3,
635,324,Hinjawadi Maan Phase 3 to Bhosari Terminal (UP),,3,
636,324,Bhosari Terminal to Hinjawadi Maan Phase 3 (DOWN),,3,
641,326,Nageshwar Vidyalaya Chikhli to Pimprigaon (UP),,3,
642,326,Pimprigaon to Nageshwar Vidyalaya Chikhli (DOWN),,3,
647,327,Hinjawadi Maan Phase 3 to Alandi (UP),,3,
648,327,Alandi to Hinjawadi Maan Phase 3 (DOWN),,3,
654,329,Siddhanta College Sudumbare to Pimpri Road (UP),,3,
655,329,Pimpri Road to Siddhanta College Sudumbare (DOWN),,3,
656,330,Talegaon Dhabhade Maruti Mandir to Alandi (UP),,3,
657,330,Alandi to Talegaon Dhabhade Maruti Mandir (DOWN),,3,
659,331A,Pimple Saudagar- Mahadev Mandir / Pimple Saudagar to Charholigaon Burde Vasti (UP),,3,
661,331A,Charholigaon Burde Vasti to Pimple Saudagar (DOWN),,3,
662,331B,Pimple Saudagar- Mahadev Mandir / Pimple Saudagar to Charholigaon (UP),,3,
663,331B,Charholigaon to Pimple Saudagar (DOWN),,3,
666,331,Pimple Saudagar- Mahadev Mandir / Pimple Saudagar to Bhosari Gavhane Vasti (UP),,3,
667,331,Bhosari Gavhane Vasti to Pimple Saudagar (DOWN),,3,
1266,332,Tata Motors Bebadohal to Nigdi Pawale Chowk (UP),,3,
1267,332,Nigdi Pawale Chowk to Tata Motors Bebadohal (DOWN),,3,
670,333,Hinjawadi Maan Phase 3 to Pune Station Moledina Stand (UP),,3,
671,333,Pune Station Moledina Stand to Hinjawadi Maan Phase 3 (DOWN),,3,
672,334,Gharkul Vasahat Chikhali to Pimprigaon (UP),,3,
673,334,Pimprigaon to Gharkul Vasahat Chikhali (DOWN),,3,
678,336,Nigdi Bhakti Shakti to Kesnand Phata Wagholi (UP),,3,
679,336,Wagholi Kesnand Phata to Bhakti Shakti Stand (DOWN),,3,
1326,337,Dsk Vishwa to Nigdi Bhakti Shakti Stand (UP),,3,
1327,337,Nigdi Bhakti Shakti Stand to Dsk Vishwa (DOWN),,3,
682,339,Sant Nagar Rto Office to Gujarwadi Pmt Bus Stand (UP),,3,
683,339,Gujarwadi Pmt Bus Stand to Sant Nagar Rto Office (DOWN),,3,
684,340,Alandi to Nigdi Pawale Chowk (UP),,3,
685,340,Nigdi Pawale Chowk to Alandi (DOWN),,3,
686,341,Urse Gaon Vasudev Aashram to Nigdi Pawale Chowk (UP),,3,
687,341,Nigdi Pawale Chowk to Urse Gaon Vasudev Aashram (DOWN),,3,
688,342,Vasudev Aashram Ursegaon to Nigdi Pawale Chowk (UP),,3,
689,342,Nigdi Pawale Chowk to Vasudev Aashram Ursegaon (DOWN),,3,
694,343,Talegaon Dhabhade Maruti Mandir to Chakan Ambethan Chowk (UP),,3,
695,343,Chakan Ambethan Chowk to Talegaon Dhabhade Maruti Mandir (DOWN),,3,
696,344,Baner Depot to Alandi (UP),,3,
697,344,Alandi to Baner Depot (DOWN),,3,
698,345,Hinjawadi Maan Phase 3 to Bhosari Terminal (UP),,3,
699,345,Bhosari Terminal to Hinjawadi Maan Phase 3 (DOWN),,3,
700,346,Bhosari Pmt Chowk to Kesnand Phata Wagholi (UP),,3,
701,346,Wagholi Kesnand Phata to Bhosari Pmt Chowk (DOWN),,3,
704,348,Nigdi Bhakti Shakti to Pune Station Moledina Stand (UP),,3,
705,348,Pune Station Moledina Stand to Nigdi Bhakti Shakti (DOWN),,3,
706,34,Nigdi Pawale Chowk to Aundhgaon (UP),,3,
707,34,Aundhgaon to Nigdi Pawale Chowk (DOWN),,3,
708,350,Sant Tukaram Maharaj Krida Sankul Dehugaon to Nigdi Tilak Chowk (UP),,3,
709,350,Nigdi Tilak Chowk to Sant Tukaram Maharaj Krida Sankul Dehugaon (DOWN),,3,
712,351,Jambe to Alandi (UP),,3,
713,351,Alandi to Jambe (DOWN),,3,
714,352,Rajguru Nagar Low Collage to Pune Station Sassoon Road (UP),,3,
715,352,Pune Station Sassoon Road to Rajguru Nagar Low Collage (DOWN),,3,
722,353,Shikrapur Phata to Chakan Ambethan Chowk (UP),,3,
723,353,Chakan Ambethan Chowk to Shikrapur Phata (DOWN),,3,
726,354,Pimprigaon to Marketyard Depot (UP),,3,
727,354,Marketyard Depot to Pimprigaon (DOWN),,3,
728,355A,Nageshwar Vidyalaya Chikhli to Radha Hotel (UP),,3,
729,355A,Radha Hotel to Nageshwar Vidyalaya Chikhli (DOWN),,3,
730,355,Nageshwar Vidyalaya Chikhli to Radha Hotel (UP),,3,
731,355M,Nageshwar Vidyalaya Chikhli to Dange Chowk (UP),,3,
732,355M,Dange Chowk to Nageshwar Vidyalaya Chikhli (DOWN),,3,
733,355,Radha Hotel to Nageshwar Vidyalaya Chikhli (DOWN),,3,
736,356,Sector no. 12 PM Awas Yojana Bhosari to Nashik Phata Metro Station (UP),,3,
737,356,Nashik Phata to Sector no. 12 PM Awas Yojana Bhosari (DOWN),,3,
738,357,Bhosari Terminal to Pune Station Sassoon Road (UP),,3,
739,357,Pune Station Sassoon Road to Bhosari Terminal (DOWN),,3,
740,358A,Bhamchandra Vidhyalay Vasuli to Bhosari Chakan Road (UP),,3,
741,358A,Bhosari Chakan Road to Bhamchandra Vidhyalay Vasuli (DOWN),,3,
746,358,Rajguru Nagar Low Collage to Bhosari Chakan Road (UP),,3,
747,358,Bhosari Chakan Road to Rajguru Nagar Low Collage (DOWN),,3,
748,359A,Rajguru Nagar Low Collage to Pimplegurav (UP),,3,
749,359A,Pimplegurav to Rajguru Nagar Low Collage (DOWN),,3,
752,35,Mukai Chowk to Ma Na Pa Dengle Pul Nadikathi (UP),,3,
757,35,Ma Na Pa Dengle Pul Nadikhathi to Mukai Chowk (DOWN),,3,
758,360A,Aundhgaon to Alandi (UP),,3,
759,360A,Alandi to Aundhgaon (DOWN),,3,
760,360,Bajirao Padale Chowk Mhalunge to Alandi (UP),,3,
761,360,Alandi to Bajirao Padale Chowk Mhalunge (DOWN),,3,
762,361,Bhosari Pmt Chowk to Alandi (UP),,3,
763,361,Alandi to Bhosari Pmt Chowk (DOWN),,3,
766,362,Ycm Hospital to Alandi (UP),,3,
767,362,Alandi to Ycm Hospital (DOWN),,3,
773,363,Samir Lawns Ravet to Pimpri Road (UP),,3,
777,363,Pimpri Road to Samir Lawns Ravet (DOWN),,3,
778,364,Chakan Ambethan Chowk to Alandi (UP),,3,
779,364,Alandi to Chakan Ambethan Chowk (DOWN),,3,
780,366,Nigdi Bhakti Shakti to Pune Station Depot (UP),,3,
781,366,Pune Station Depot to Nigdi Bhakti Shakti (DOWN),,3,
784,367,Mukai Chowk to Bhosari Gavhane Vasti (UP),,3,
785,367M,Mukai Chowk to Bhosari Gavhane Vasti (UP),,3,
786,367M,Bhosari Gavhane Vasti to Mukai Chowk (DOWN),,3,
787,367,Bhosari Gavhane Vasti to Mukai Chowk (DOWN),,3,
788,368,Lonavala Railway Station to Nigdi Pawale Chowk (UP),,3,
789,368,Nigdi Pawale Chowk to Lonavala Railway Station (DOWN),,3,
792,369,Bhamchandra Vidhyalay Vasuli to Nigdi Tilak Chowk (UP),,3,
793,369,Nigdi Tilak Chowk to Bhamchandra Vidhyalay Vasuli (DOWN),,3,
798,370,Davdigaon to Bhosari Chakan Road (UP),,3,
799,370,Bhosari Chakan Road to Holewadi (DOWN),,3,
800,371,Takve Bhoyregaon to Nigdi Pawale Chowk (UP),,3,
801,371,Nigdi Pawale Chowk to Takve Bhoyregaon (DOWN),,3,
804,372,Megapolis Phase 3 to Nigdi Bhakti Shakti Stand (UP),,3,
805,372M,Megapolis Phase 3 to Nigdi Bhakti Shakti Stand (UP),,3,
806,372M,Nigdi Bhakti Shakti Stand to Megapolis Phase 3 (DOWN),,3,
807,372,Nigdi Bhakti Shakti Stand to Megapolis Phase 3 (DOWN),,3,
810,373,Neilsoft Company infosys Phase 3 to Sangvi Vasantdada Putala (UP),,3,
812,373,Sangvi Vasantdada Putala to Neilsoft Company infosys Phase 3 (DOWN),,3,
813,374A,Gahunjegaon to Nigdi Pawale Chowk (UP),,3,
814,374A,Nigdi Pawale Chowk to Gahunjegaon (DOWN),,3,
815,374,Virbaba Chowk Sai Nagar to Nigdi Pawale Chowk (UP),,3,
816,374,Nigdi Pawale Chowk to Virbaba Chowk Sai Nagar (DOWN),,3,
821,375,Neilsoft Company infosys Phase 3 to Nigdi Pawale Chowk (UP),,3,
822,375,Nigdi Pawale Chowk to Neilsoft Company infosys Phase 3 (DOWN),,3,
823,376,Pimprigaon to Ma Na Pa Main Stand (UP),,3,
824,376,Ma Na Pa Main Stand to Pimprigaon (DOWN),,3,
829,37,Wakdewadi Navin ST Stand to Sahakar Nagar (UP),,3,
830,37,Sahakar Nagar to Wakdewadi Navin ST Stand (DOWN),,3,
831,380,Hinjawadi Maan Phase 3 to Bhosari Terminal (UP),,3,
832,380,Bhosari Terminal to Hinjawadi Maan Phase 3 (DOWN),,3,
833,381,Megapolis Phase 3 to Nageshwar Vidyalaya Chikhli (UP),,3,
834,381,Nageshwar Vidyalaya Chikhli to Megapolis Phase 3 (DOWN),,3,
835,38,Na Ta Wadi to Dhankawadi (UP),,3,
836,38,Dhankawadi to Na Ta Wadi (DOWN),,3,
837,39,Pune Station Jayprakash Stand to Dhankawadi (UP),,3,
838,39,Dhankawadi to Pune Station Jayprakash Stand (DOWN),,3,
840,41,Sangvi Vasantdada Putala to Upper Depot (UP),,3,
841,41,Upper Depot to Sangvi Vasantdada Putala (DOWN),,3,
842,42,Nigdi Bhakti Shakti to Gujarwadi Pmt Bus Stand (UP),,3,
843,42,Gujarwadi Pmt Bus Stand to Nigdi Bhakti Shakti (DOWN),,3,
847,43A,Hinjawadi Maan Phase 3 to Katraj (UP),,3,
849,43A,Katraj to Hinjawadi Maan Phase 3 (DOWN),,3,
850,43,Nigdi Bhakti Shakti Stand to Katraj (UP),,3,
851,43,Katraj to Nigdi Bhakti Shakti (DOWN),,3,
854,44,Akurdi Railway Station to Katraj (UP),,3,
855,44,Katraj to Akurdi Railway Station (DOWN),,3,
858,47,Sanaswadi Nandoshi to Swargate (UP),,3,
859,47,Swargate to Sanaswadi Nandoshi (DOWN),,3,
860,4,Shivaji Nagar to Swargate (UP),,3,
861,4,Swargate to Shivaji Nagar (DOWN),,3,
866,50,Sinhgad to Shaniwarwada Stand (UP),,3,
873,50,Shaniwarwada Stand to Sinhgad (DOWN),,3,
876,51,Dsk Vishwa to Shivaji Nagar (UP),,3,
877,51,Shivaji Nagar to Dsk Vishwa (DOWN),,3,
878,52A,Varasgaon Goradwadi to Swargate (UP),,3,
879,52A,Swargate to Varasgaon Goradwadi (DOWN),,3,
885,52,Manerwadi Phata Khanapur to Swargate (UP),,3,
887,52,Swargate to Manerwadi Phata Khanapur (DOWN),,3,
890,55,Shanipar Stand to Suncity (UP),,3,
891,55,Suncity to Shanipar Stand (DOWN),,3,
894,57,Vadgaon Budruk Stand to Pune Station Jayprakash Stand (UP),,3,
895,57,Pune Station Jayprakash Stand to Vadgaon Budruk Stand (DOWN),,3,
896,58,Gokhale Nagar Police Line to Shanipar Stand (UP),,3,
897,58,Shanipar Stand to Gokhale Nagar Police Line (DOWN),,3,
898,59,Niljyoti Society to Shanipar Stand (UP),,3,
899,59,Shanipar Stand to Niljyoti Society (DOWN),,3,
902,5,Pune Station Moledina Stand to Swargate (UP),,3,
903,5,Swargate to Pune Station Moledina Stand (DOWN),,3,
904,60,Ghule Nagar Vadgaon Budruk to Swargate (UP),,3,
905,60,Swargate to Ghule Nagar Vadgaon Budruk (DOWN),,3,
906,61,Sarola to Balaji Nagar Corner Satara Road (UP),,3,
907,61,Balaji Nagar Corner Satara Road to Sarola (DOWN),,3,
910,64,Nda 10 No. Gate to Bhekrai Nagar (UP),,3,
911,64M,Ganpati Matha to Hadapsar Gadital (UP),,3,
912,64M,Hadapsar Gadital to Ganpati Matha (DOWN),,3,
913,64,Bhekrai Nagar to Nda 10 No. Gate (DOWN),,3,
914,65A,Patas to Hadapsar Gadital Solapur Road (UP),,3,
915,65A,Hadapsar Gadital Solapur Road to Patas (DOWN),,3,
920,66,Thakarwadi to Marketyard Depot (UP),,3,
921,66,Marketyard Depot to Thakarwadi (DOWN),,3,
922,67A,Uruli Kanchan to Swargate (UP),,3,
923,67A,Swargate to Uruli Kanchan (DOWN),,3,
927,67,Uruli Kanchan to Hadapsar Gadital Solapur Road (UP),,3,
929,67,Hadapsar Gadital Solapur Road to Uruli Kanchan (DOWN),,3,
930,68,Upper Depot to Sutardara (UP),,3,
931,68,Sutardara to Upper Depot (DOWN),,3,
934,69,Ghotawadegaon to Marketyard Depot (UP),,3,
935,69,Marketyard Depot to Ghotawadegaon (DOWN),,3,
936,6,Pune Station Moledina Stand to Swargate (UP),,3,
937,6,Swargate to Pune Station Moledina Stand (DOWN),,3,
938,70,Mulshi Gaon to Marketyard Depot (UP),,3,
939,70,Marketyard Depot to Mulshi Gaon (DOWN),,3,
943,72,Nda 10 No. Gate to Sukhsagar Nagar (UP),,3,
944,72,Sukhsagar Nagar to Nda 10 No. Gate (DOWN),,3,
947,73,Gada Modi Chowk Khamgaon to Hadapsar Gadital Solapur Road (UP),,3,
948,73,Hadapsar Gadital Solapur Road to Gada Modi Chowk Khamgaon (DOWN),,3,
951,74,Paud Shashkiy Vishram Gruh to Chinchwadgaon (UP),,3,
952,74,Chinchwadgaon to Paud Shashkiy Vishram Gruh (DOWN),,3,
959,77,Hinjawadi Maan Phase 3 to Ganpati Matha (UP),,3,
960,77,Ganpati Matha to Hinjawadi Maan Phase 3 (DOWN),,3,
961,78,Nda 10 No. Gate to Marketyard Depot (UP),,3,
962,78,Marketyard Depot to Nda 10 No. Gate (DOWN),,3,
970,81,Pune Station Moledina Stand to Kumbare Park (UP),,3,
971,81,Kumbare Park to Pune Station Moledina Stand (DOWN),,3,
979,83,Alandi to Nda 10 No. Gate (UP),,3,
980,83,Nda 10 No. Gate to Alandi (DOWN),,3,
982,84A,Sangrun to Deccan Gymkhana (UP),,3,
983,84A,Deccan Gymkhana to Sangrun (DOWN),,3,
987,84,Mutha Gaon to Deccan Gymkhana (UP),,3,
989,84,Deccan Gymkhana to Mutha Gaon (DOWN),,3,
994,85,Khadewadi to Ma Na Pa Congress Bhavan (UP),,3,
995,85,Ma Na Pa Congress Bhavan to Khadewadi (DOWN),,3,
1000,86,Paud St Stand to Deccan Gymkhana (UP),,3,
1001,86,Deccan Gymkhana to Paud St Stand (DOWN),,3,
1002,87A,Zilla Parishad School Chande to Deccan Gymkhana (UP),,3,
1003,87A,Deccan Gymkhana to Zilla Parishad School Chande (DOWN),,3,
1009,87,Sutarwadi Depot to Deccan Gymkhana (UP),,3,
1013,87,Deccan Gymkhana to Sutarwadi Depot (DOWN),,3,
1016,8,Pune Station Moledina Stand to Deccan Gymkhana (UP),,3,
1017,8,Deccan Gymkhana to Pune Station Moledina Stand (DOWN),,3,
1020,90,Gokhale Nagar Police Line to Katraj (UP),,3,
1021,90,Katraj to Gokhale Nagar Police Line (DOWN),,3,
1022,91,Isha Nagari to Ma Na Pa Congress Bhavan (UP),,3,
1023,91,Ma Na Pa Congress Bhavan to Isha Nagari (DOWN),,3,
1024,92,Venutai Chavan College to Kothrud Depot (UP),,3,
1025,92,Kothrud Depot to Venutai Chavan College (DOWN),,3,
1028,94,Pune Station Moledina Stand to Matalwadi Bhugaon (UP),,3,
1031,94,Matalwadi Bhugaon to Pune Station Moledina Stand (DOWN),,3,
1032,95,PVPIT College Bawdhan to Deccan Gymkhana (UP),,3,
1033,95,Deccan Gymkhana to PVPIT College Bawdhan (DOWN),,3,
1034,97,Sahakar Nagar to Ganpati Matha (UP),,3,
1035,97,Ganpati Matha to Sahakar Nagar (DOWN),,3,
1040,98,Kesnand Phata Wagholi to Ganpati Matha (UP),,3,
1041,98,Ganpati Matha to Wagholi Kesnand Phata (DOWN),,3,
1044,99,Kekan Gas to Kothrud Depot (UP),,3,
1045,99,Kothrud Depot to Kekan Gas (DOWN),,3,
1046,9,Deccan Gymkhana to Pune Station Moledina Stand (UP),,3,
1047,9,Pune Station Moledina Stand to Deccan Gymkhana (DOWN),,3,
1048,AP2,Upper Depot to Katraj Kondhwa Road (UP),,3,
1049,AP2,Katraj Kondhwa Road to Upper Depot (DOWN),,3,
1054,B2,DY Patil College Charholi to Alandi (UP),,3,
1055,B2,Alandi to DY Patil College Charholi (DOWN),,3,
1058,H11,Sanket Vihar Lane No 18 to Hadapsar Gadital (UP),,3,
1059,H11,Hadapsar Gadital to Sanket Vihar Lane No 18 (DOWN),,3,
1060,H3,Saswad Road Railway Station to Mantri Market Hadapsar (UP),,3,
1061,H3,Mantri Market Hadapsar to Saswad Road Railway Station (DOWN),,3,
1064,H8,Fursungi to Hadapsar Gadital (UP),,3,
1065,H8,Hadapsar Gadital to Fursungi (DOWN),,3,
1066,H9,Manjari Budruk to Hadapsar Gadital Solapur Road (UP),,3,
1067,H9,Hadapsar Gadital Solapur Road to Manjari Budruk (DOWN),,3,
1072,K11,Katraj to Jambhulwadi (UP),,3,
1073,K11,Jambhulwadi to Katraj (DOWN),,3,
1344,K12A,Katraj to Nandanvan City Narhe (UP),,3,
1345,K12A,Nandanvan City Narhe to Katraj (DOWN),,3,
1076,K12,Katraj to Abhinav Collage Narhe (UP),,3,
1077,K12,Abhinav Collage Narhe to Katraj (DOWN),,3,
1080,K14,Gujarwadi to Katraj (UP),,3,
1081,K14,Katraj to Gujarwadi (DOWN),,3,
1082,K16,Yewalewadi to Katraj (UP),,3,
1083,K16,Katraj Kondhwa Road to Yewalewadi (DOWN),,3,
1089,K7,Sneha Vihar Dangat Patil Nagar to Deccan Gymkhana (UP),,3,
1090,K7,Deccan Gymkhana to Sneha Vihar Dangat Patil Nagar (DOWN),,3,
1092,METRO SHUTTLE 13,Swargate to Upper Depot (UP),,3,
1094,METRO SHUTTLE 13,Upper Depot to Swargate (DOWN),,3,
1098,METRO SHUTTLE 17,Shivaji Nagar Civil Court Metro Station to Hadapsar Gadital (UP),,3,
1099,METRO SHUTTLE 17,Hadapsar Gadital to Shivaji Nagar Civil Court Metro Station (DOWN),,3,
1108,METRO SHUTTLE 20,PANCHSHIL TOWERS E VON GATE NO. 2 Kharadi to Ramwadi Metro Station (UP),,3,
1109,METRO SHUTTLE 20,Ramwadi Metro Station to PANCHSHIL TOWERS E VON GATE NO. 2 Kharadi (DOWN),,3,
1110,METRO SHUTTLE 2,Ganpati Matha to Deccan Gymkhana (UP),,3,
1111,METRO SHUTTLE 2,Deccan Gymkhana to Ganpati Matha (DOWN),,3,
1112,METRO SHUTTLE 31,Kalewadi Phata to Pimpri Chowk Metro Station (UP),,3,
1113,METRO SHUTTLE 31,Pimpri Chowk Metro Station to Kalewadi Phata (DOWN),,3,
1114,METRO SHUTTLE 32,Nigdi Bhakti Shakti to Nashik Phata (UP),,3,
1115,METRO SHUTTLE 32,Nashik Phata Metro Station to Nigdi Bhakti Shakti (DOWN),,3,
1130,N15,Rupee Nagar to Nigdi Pawale Chowk (UP),,3,
1131,N15,Nigdi Pawale Chowk to Rupee Nagar (DOWN),,3,
1132,N16,Nageshwar Vidyalaya Chikhli to Akurdi Khandoba Maal (UP),,3,
1133,N16,Akurdi Khandoba Maal to Nageshwar Vidyalaya Chikhli (DOWN),,3,
1134,P13,Walhekarwadi to Pimpri Chowk Metro Station (UP),,3,
1135,P13,Pimpri Chowk Metro Station to Walhekarwadi (DOWN),,3,
1136,RATRANI 1,Mariaai Gate Navin St Stand to Katraj (UP),,3,
1137,RATRANI 1,Katraj to Mariaai Gate Navin St Stand (DOWN),,3,
1138,RATRANI 2,Pune Station Moledina Stand to Katraj (UP),,3,
1139,RATRANI 2,Katraj to Pune Station Moledina Stand (DOWN),,3,
1140,RATRANI 3,Hadapsar Gadital to Swargate (UP),,3,
1141,RATRANI 3,Swargate to Hadapsar Gadital (DOWN),,3,
1142,RATRANI 4,Pune Station St. Helena'S Stand to Hadapsar Gadital (UP),,3,
1143,RATRANI 4,Hadapsar Gadital to Pune Station St. Helena'S Stand (DOWN),,3,
1146,RATRANI 7,Nda 10 No. Gate to Pune Station Moledina Stand (UP),,3,
1147,RATRANI 7,Pune Station Moledina Stand to Nda 10 No. Gate (DOWN),,3,
