route_id,route_short_name,stops_on_route,scheduled_stop_visits
178,149,86,6880
179,149,87,6873
222,159,65,5346
851,43,65,5135
221,159,67,4824
850,43,61,4392
1041,98,57,4275
1040,98,55,4125
587,309,46,4002
365,204,60,3960
636,324,45,3915
560,301,39,3900
366,204,60,3840
557,301,39,3822
588,309,46,3818
465,24A,45,3780
538,298,60,3720
842,42,59,3717
843,42,58,3712
445,228,88,3696
545,29,51,3672
804,372,47,3666
910,64,61,3660
440,228,87,3654
635,324,44,3652
913,64,61,3599
539,298,58,3596
540,299,53,3551
541,299,53,3551
746,358,50,3550
747,358,50,3500
7,100,51,3468
807,372,47,3431
464,24A,46,3404
544,29,50,3400
259,167,34,3332
262,167,35,3290
512,291,37,3256
513,291,36,3168
358,201,69,3105
357,201,67,3082
752,35,35,3045
6,100,52,2964
757,35,33,2937
60,119,44,2860
13,103,35,2835
177,148,54,2808
629,322,55,2805
10,103,35,2800
61,119,43,2795
607,315,43,2752
630,322,52,2704
176,148,54,2700
571,304,33,2673
708,350,29,2610
45,117,33,2607
705,348,50,2600
386,209,48,2592
387,209,48,2592
666,331,36,2592
709,350,29,2581
223,15,56,2576
321,188,42,2562
38,114,43,2537
322,188,42,2520
47,117,31,2511
667,331,35,2485
608,315,40,2480
41,115,56,2464
39,114,43,2451
704,348,50,2450
40,115,54,2430
648,327,86,2408
460,235,48,2400
461,235,48,2400
678,336,57,2394
224,15,54,2376
356,200,72,2376
679,336,54,2322
606,314,57,2280
789,368,91,2275
647,327,80,2240
355,200,72,2232
360,202,57,2223
739,357,33,2211
740,358A,55,2200
741,358A,55,2200
359,202,52,2184
135,139A,59,2183
372,207A,41,2173
134,139A,58,2146
849,43A,55,2145
738,357,31,2139
371,207A,41,2132
72,121,30,2130
847,43A,53,2120
282,174,49,2107
902,5,15,2100
788,368,91,2093
73,121,29,2088
473,256,41,2050
572,304,25,2025
605,314,50,2000
603,313,44,1980
142,13,25,1975
903,5,14,1960
761,360,85,1955
139,139,61,1952
145,13,25,1950
281,174,51,1938
733,355,51,1938
604,313,44,1936
762,361,21,1890
472,256,39,1880
138,139,60,1860
393,210,77,1848
577,305,46,1840
578,305,46,1840
462,236,51,1836
148,140,29,1827
730,355,48,1824
70,120,43,1806
71,120,43,1806
463,236,51,1785
241,163,36,1764
69,11,42,1764
760,360,84,1764
763,361,21,1764
297,17,41,1763
701,346,58,1740
885,52,56,1736
887,52,54,1728
68,11,42,1722
792,369,44,1716
700,346,57,1710
149,140,28,1708
199,155,50,1700
392,210,77,1694
194,152,47,1692
213,158,36,1692
174,148A,65,1690
242,163,35,1680
927,67,41,1640
214,158,34,1632
175,148A,65,1625
81,123,34,1598
80,123,36,1584
200,155,45,1575
182,151,42,1554
197,154,50,1550
834,381,53,1537
833,381,52,1508
400,213,114,1482
401,213,114,1482
929,67,40,1480
1028,94,41,1476
793,369,41,1476
494,276,52,1456
500,281,56,1456
495,276,50,1450
183,151,38,1444
1031,94,40,1440
191,152,38,1406
877,51,38,1406
695,343,52,1404
419,21,35,1400
501,281,56,1400
502,282,50,1400
198,154,45,1395
1045,99,41,1394
590,30,66,1386
503,282,51,1377
787,367,51,1377
915,65A,98,1372
298,17,39,1365
566,302,25,1350
784,367,50,1350
381,208,79,1343
418,21,36,1332
694,343,51,1326
565,302,25,1325
671,333,63,1323
726,354,66,1320
727,354,63,1300
1044,99,39,1287
1064,H8,16,1280
270,169,26,1274
267,169,27,1269
1065,H8,16,1264
876,51,38,1254
380,208,78,1248
547,2A,23,1242
835,38,23,1242
670,333,62,1240
511,290,25,1225
836,38,23,1219
100,126,48,1200
633,323,48,1200
866,50,60,1200
546,2A,23,1196
469,24,44,1188
589,30,66,1188
510,290,25,1175
1067,H9,15,1170
459,234,40,1160
1066,H9,15,1155
96,126,48,1152
468,24,46,1150
634,323,46,1150
323,189,22,1144
324,189,22,1144
533,296,104,1144
328,192,27,1107
458,234,41,1107
728,355A,48,1104
906,61,55,1100
907,61,55,1100
327,192,26,1092
696,344,78,1092
117,133A,31,1085
685,340,47,1081
116,133A,31,1054
351,19,27,1053
532,296,104,1040
855,44,64,1040
684,340,47,1034
411,216,24,1032
248,165,21,1029
410,216,25,1025
729,355A,51,1020
247,165,22,1012
352,19,28,1008
697,344,77,1001
14,104,44,990
15,104,45,990
311,183,55,990
368,205,58,986
873,50,58,986
453,233A,98,980
312,183,54,972
457,233,74,962
854,44,58,960
131,137,104,936
367,205,58,928
773,363,38,912
899,59,19,912
897,58,18,882
456,233,73,876
452,233A,97,873
614,317,51,867
654,329,48,864
898,59,18,864
111,130,21,861
777,363,39,858
554,301A,37,851
110,130,21,840
613,317,49,833
896,58,17,816
597,312,46,782
256,166,25,775
1001,86,59,767
655,329,47,752
497,277,53,742
496,277,56,728
860,4,13,728
780,366,40,720
1000,86,59,708
234,161,59,708
569,303,18,702
939,70,100,700
781,366,41,697
373,207,58,696
914,65A,99,693
938,70,99,693
255,166,23,690
722,353,52,676
118,133,25,675
291,177,28,672
699,345,42,672
861,4,12,672
225,160,41,656
698,345,41,656
119,133,24,648
154,143,36,648
292,177,27,648
890,55,24,648
226,160,40,640
570,303,16,640
379,207,58,638
155,143,35,630
404,215,30,630
891,55,23,621
551,2,11,616
552,2,11,616
723,353,51,612
78,122,34,612
217,159B,100,600
574,305A,60,600
162,144,46,598
265,168,33,594
236,161,59,590
165,144,45,585
405,215,29,580
815,374,20,580
816,374,20,580
266,168,32,576
989,84,77,574
1083,K16,20,560
553,301A,37,555
238,162,88,552
1326,337,68,544
1082,K16,20,540
895,57,36,540
1327,337,67,536
878,52A,76,532
573,305A,59,531
130,137,105,525
879,52A,74,518
894,57,37,518
79,122,34,510
433,227A,82,492
432,227A,80,486
237,162,92,465
168,146,22,462
83,124,51,459
923,67A,57,456
476,257,25,450
477,257,25,450
1061,H3,16,448
822,375,74,444
523,292,39,440
943,72,54,432
944,72,53,432
1060,H3,15,420
294,179,46,414
485,262,69,414
66,11C,46,414
67,11C,46,414
821,375,69,414
245,164,103,412
1048,AP2,12,408
246,164,101,408
484,262,68,408
922,67A,58,406
169,146,19,399
1049,AP2,12,396
218,159B,99,396
576,305B,66,396
299,180,35,385
1077,K12,16,384
300,180,34,374
55,118,22,374
1076,K12,16,368
153,142,61,366
499,279,91,364
57,118,19,361
152,142,60,360
759,360A,45,360
786,367M,51,357
800,371,86,344
801,371,86,344
487,264,84,340
935,69,68,340
1080,K14,14,336
1081,K14,14,336
364,203,28,336
531,296A,84,336
934,69,67,335
114,132,22,330
683,339,66,330
982,84A,55,330
686,341,47,329
687,341,47,329
987,84,78,328
195,153,54,324
838,39,27,324
1059,H11,19,323
521,292,39,320
980,83,80,320
115,132,21,315
29,111M,39,312
396,212,104,312
397,212,104,312
979,83,78,312
1013,87,31,310
1021,90,31,310
758,360A,44,308
1058,H11,19,304
712,351,75,304
661,331A,60,300
662,331B,60,300
706,34,30,300
707,34,30,300
785,367M,50,300
82,124,50,300
1020,90,33,297
582,306,27,297
837,39,27,297
206,157,37,296
293,179,42,294
17,107,57,290
1244,257A,26,286
1245,257A,26,286
16,107,57,285
627,322A,57,285
947,73,71,284
951,74,71,284
1009,87,28,280
208,158A,35,280
435,227,70,280
657,330,69,280
948,73,70,280
959,77,70,280
960,77,70,280
450,232,93,279
451,232,93,279
434,227,69,276
952,74,69,276
983,84A,55,275
1130,N15,12,273
1131,N15,13,273
280,172,39,273
37,113,27,270
498,279,90,270
628,322A,54,270
205,157,38,266
207,158A,38,266
455,233B,88,264
682,339,66,264
454,233B,87,261
112,131,52,260
36,113,26,260
575,305B,65,260
1266,332,37,259
1267,332,37,259
624,320,37,259
1002,87A,43,258
609,316,64,256
486,264,85,255
530,296A,84,252
659,331A,63,252
113,131,50,250
642,326,25,250
610,316,62,248
623,320,41,246
631,323A,41,246
28,111M,35,245
347,19A,27,243
524,293,81,243
525,293,81,243
279,172,40,240
313,184,30,240
585,308,12,240
586,308,12,240
858,47,40,240
382,209A,59,236
383,209A,59,236
449,231,118,236
348,19A,26,234
448,231,117,234
641,326,26,234
314,184,29,232
315,185,29,232
316,185,29,232
663,331B,58,232
402,214,11,231
403,214,11,231
736,356,33,231
1003,87A,46,230
58,119A,46,230
158,144A,38,228
859,47,38,228
737,356,32,224
632,323A,37,222
766,362,37,222
767,362,37,222
59,119A,44,220
159,144A,36,216
1275,211,43,215
170,147,71,213
196,153,53,212
1016,8,15,210
1055,B2,21,210
125,135,105,210
171,147,70,210
798,370,70,210
425,225,69,207
167,145,34,204
921,66,67,204
102,12,29,203
920,66,65,201
166,145,33,198
1017,8,14,196
103,12,28,196
1072,K11,13,195
1073,K11,13,195
937,6,19,190
534,297,27,189
535,297,27,189
748,359A,63,189
749,359A,63,189
829,37,23,184
830,37,23,184
581,306,26,182
1345,K12A,20,180
150,141,21,176
1274,211,43,172
1109,METRO SHUTTLE 20,17,170
287,176,42,168
488,26,24,168
1113,METRO SHUTTLE 31,15,165
288,176,41,164
715,352,82,164
489,26,23,161
1112,METRO SHUTTLE 31,16,160
151,141,20,160
714,352,80,160
936,6,16,160
713,351,78,158
799,370,52,156
1146,RATRANI 7,51,153
1094,METRO SHUTTLE 13,15,150
1054,B2,21,147
1147,RATRANI 7,49,147
814,374A,21,147
1114,METRO SHUTTLE 32,24,144
1108,METRO SHUTTLE 20,20,140
1110,METRO SHUTTLE 2,20,140
1111,METRO SHUTTLE 2,20,140
1344,K12A,20,140
48,118A,20,140
656,330,69,140
1099,METRO SHUTTLE 17,23,138
424,225,69,138
49,118A,17,136
579,306A,34,136
580,306A,34,136
779,364,17,136
1092,METRO SHUTTLE 13,15,135
1098,METRO SHUTTLE 17,22,132
1115,METRO SHUTTLE 32,22,132
415,219,65,130
422,221,8,128
423,221,8,128
813,374A,21,126
778,364,17,119
567,303A,38,114
731,355M,38,114
840,41,56,114
688,342,37,111
689,342,37,111
732,355M,37,111
1135,P13,22,110
568,303A,36,108
812,373,54,108
124,135,106,106
810,373,53,106
831,380,53,106
832,380,53,106
841,41,53,106
1046,9,21,105
1134,P13,21,105
126,136,17,102
127,136,17,102
317,186,16,102
961,78,51,102
962,78,51,102
583,307,20,100
584,307,20,100
904,60,25,100
561,302A,49,98
562,302A,49,98
994,85,49,98
1022,91,24,96
62,11A,48,96
63,11A,48,96
1047,9,19,95
1132,N16,19,95
1133,N16,19,95
598,312,47,94
805,372M,47,94
806,372M,47,94
625,321,15,90
626,321,15,90
823,376,44,88
905,60,22,88
18,108,29,87
19,108,28,84
824,376,42,84
1024,92,41,82
478,258,40,82
1089,K7,27,81
1138,RATRANI 2,27,81
1025,92,40,80
479,258,40,80
672,334,20,80
1139,RATRANI 2,26,78
318,186,12,78
931,68,39,78
930,68,38,76
970,81,38,76
971,81,37,74
1141,RATRANI 3,18,72
1143,RATRANI 4,18,72
286,175,36,72
1035,97,35,70
11,103M,35,70
12,103M,35,70
673,334,17,68
504,283,33,66
146,140A,31,64
505,283,32,64
1023,91,21,63
414,219,63,63
1034,97,31,62
147,140A,31,62
1090,K7,27,54
1140,RATRANI 3,18,54
1032,95,25,50
1033,95,25,50
1142,RATRANI 4,16,48
995,85,46,46
911,64M,42,42
912,64M,42,42
285,175,38,38
1136,RATRANI 1,27,27
1137,RATRANI 1,26,26
