stop_id,stop_name,scheduled_visits,routes_serving_stop,trips_serving_stop
3315,Swargate,2519,96,2519
107,Pune Station Moledina Stand,2101,79,2101
130,St Colony,1893,79,1893
319,Income Tax Office,1814,69,1814
131,Bhapkar Petrol Pump,1785,76,1785
419,Hadapsar Gadital,1748,54,1748
134,Padmawati,1656,46,1656
135,Shankar Maharaj Math,1656,46,1656
320,Gpo,1628,59,1628
40,Shivaji Maharaj Putla,1589,55,1589
137,Bharati Vidyapeeth Gate,1501,45,1501
1204,Gadital,1489,60,1489
138,Katraj Sarpodyan,1480,46,1480
139,More Bag,1480,46,1480
133,Natubaug,1439,40,1439
136,Balaji Nagar Corner Satara Road,1423,43,1423
427,Ganga Nagar Saswad Road,1337,33,1337
321,Collector Kacheri,1316,55,1316
349,Ambedkar Bhavan,1286,47,1286
129,Lakshminarayan,1253,54,1253
