route_id,route_short_name,route_long_name,scheduled_trips
902,5,Pune Station Moledina Stand to Swargate (UP),140
903,5,Swargate to Pune Station Moledina Stand (DOWN),140
560,301,Katraj to Shewalewadi Depot (DOWN),100
259,167,Kesnand Phata Wagholi to Bhekrai Nagar (UP),98
557,301,Shewalewadi Depot to Katraj (UP),98
262,167,Bhekrai Nagar to Wagholi Kesnand Phata (DOWN),94
708,350,Sant Tukaram Maharaj Krida Sankul Dehugaon to Nigdi Tilak Chowk (UP),90
762,361,Bhosari Pmt Chowk to Alandi (UP),90
709,350,Nigdi Tilak Chowk to Sant Tukaram Maharaj Krida Sankul Dehugaon (DOWN),89
757,35,Ma Na Pa Dengle Pul Nadikhathi to Mukai Chowk (DOWN),89
512,291,Hadapsar Gadital to Katraj Kondhwa Road (UP),88
513,291,Katraj Kondhwa Road to Hadapsar Gadital (DOWN),88
587,309,Sant Tukaram Maharaj Krida Sankul Dehugaon to Alandi (UP),87
636,324,Bhosari Terminal to Hinjawadi Maan Phase 3 (DOWN),87
752,35,Mukai Chowk to Ma Na Pa Dengle Pul Nadikathi (UP),87
465,24A,Katraj to Lohegaon (DOWN),84
763,361,Alandi to Bhosari Pmt Chowk (DOWN),84
588,309,Alandi to Sant Tukaram Maharaj Krida Sankul Dehugaon (DOWN),83
635,324,Hinjawadi Maan Phase 3 to Bhosari Terminal (UP),83
13,103,Katraj to Kothrud Depot (DOWN),81
222,159,Ma Na Pa Shramik Bhavan to Talegaon Dhamdhere Bazar (DOWN),81
47,117,Swargate Natraj Stand to Dhayareshwar Mandir (DOWN),81
571,304,Bhosari Gavhane Vasti to Chinchwadgaon (UP),81
572,304,Chinchwadgaon to Bhosari Gavhane Vasti (DOWN),81
10,103,Kothrud Depot to Katraj (UP),80
1064,H8,Fursungi to Hadapsar Gadital (UP),80
178,149,Nigdi Bhakti Shakti Stand to Hadapsar Gadital (UP),80
1065,H8,Hadapsar Gadital to Fursungi (DOWN),79
142,13,Shivaji Nagar to Upper Depot (UP),79
179,149,Hadapsar Gadital to Nigdi Bhakti Shakti Stand (DOWN),79
45,117,Dhayareshwar Mandir to Swargate Natraj Stand (UP),79
851,43,Katraj to Nigdi Bhakti Shakti (DOWN),79
1067,H9,Hadapsar Gadital Solapur Road to Manjari Budruk (DOWN),78
145,13,Upper Depot to Shivaji Nagar (DOWN),78
804,372,Megapolis Phase 3 to Nigdi Bhakti Shakti Stand (UP),78
1066,H9,Manjari Budruk to Hadapsar Gadital Solapur Road (UP),77
1040,98,Kesnand Phata Wagholi to Ganpati Matha (UP),75
1041,98,Ganpati Matha to Wagholi Kesnand Phata (DOWN),75
464,24A,Lohegaon to Katraj (UP),74
807,372,Nigdi Bhakti Shakti Stand to Megapolis Phase 3 (DOWN),73
221,159,Talegaon Dhamdhere Bazar to Ma Na Pa Shramik Bhavan (UP),72
545,29,Swargate to Alandi (DOWN),72
666,331,Pimple Saudagar- Mahadev Mandir / Pimple Saudagar to Bhosari Gavhane Vasti (UP),72
73,121,Ma Na Pa Main Stand to Bhosari Terminal (DOWN),72
850,43,Nigdi Bhakti Shakti Stand to Katraj (UP),72
667,331,Bhosari Gavhane Vasti to Pimple Saudagar (DOWN),71
72,121,Bhosari Terminal to Ma Na Pa Main Stand (UP),71
746,358,Rajguru Nagar Low Collage to Bhosari Chakan Road (UP),71
747,358,Bhosari Chakan Road to Rajguru Nagar Low Collage (DOWN),70
738,357,Bhosari Terminal to Pune Station Sassoon Road (UP),69
544,29,Alandi to Swargate (UP),68
7,100,Ma Na Pa Dengle Pul Nadikhathi to Hinjawadi Maan Phase 3 (DOWN),68
540,299,Bhosari Terminal to Gujarwadi Pmt Bus Stand (UP),67
541,299,Gujarwadi Pmt Bus Stand to Bhosari Terminal (DOWN),67
739,357,Pune Station Sassoon Road to Bhosari Terminal (DOWN),67
365,204,Chinchwadgaon to Bhekrai Nagar (UP),66
60,119,Alandi to Ma Na Pa Daphale Garage (UP),65
61,119,Ma Na Pa Daphale Garage to Alandi (DOWN),65
366,204,Bhekrai Nagar to Chinchwadgaon Aundh Road / Chinchwadgaon (DOWN),64
607,315,Bhosari Pmt Chowk to Pune Station Sassoon Road (UP),64
843,42,Gujarwadi Pmt Bus Stand to Nigdi Bhakti Shakti (DOWN),64
148,140,Pune Station Jayprakash Stand to Upper Depot (UP),63
842,42,Nigdi Bhakti Shakti to Gujarwadi Pmt Bus Stand (UP),63
538,298,Chinchwadgaon to Gujarwadi Pmt Bus Stand (UP),62
539,298,Gujarwadi Pmt Bus Stand to Chinchwadgaon Aundh Road / Chinchwadgaon (DOWN),62
608,315,Pune Station Sassoon Road to Bhosari Pmt Chowk (DOWN),62
149,140,Upper Depot to Pune Station Jayprakash Stand (DOWN),61
321,188,Katraj Kondhwa Road to Hadapsar Gadital (UP),61
322,188,Hadapsar Gadital to Katraj Kondhwa Road (DOWN),60
910,64,Nda 10 No. Gate to Bhekrai Nagar (UP),60
38,114,Bajirao Padale Chowk Mhalunge to Ma Na Pa Main Gate (UP),59
913,64,Bhekrai Nagar to Nda 10 No. Gate (DOWN),59
39,114,Ma Na Pa Main Gate to Bajirao Padale Chowk Mhalunge (DOWN),57
6,100,Hinjawadi Maan Phase 3 to Ma Na Pa Dengle Pul Nadikathi (UP),57
551,2,Shivaji Nagar to Swargate (UP),56
552,2,Swargate to Shivaji Nagar (DOWN),56
860,4,Shivaji Nagar to Swargate (UP),56
861,4,Swargate to Shivaji Nagar (DOWN),56
386,209,Saswad to Katraj Kondhwa Road (UP),54
387,209,Katraj Kondhwa Road to Saswad (DOWN),54
547,2A,Katraj to Shivaji Nagar (DOWN),54
566,302,Pimprigaon to Bhosari Gavhane Vasti (DOWN),54
835,38,Na Ta Wadi to Dhankawadi (UP),54
372,207A,Hadapsar Gadital to Saswad (DOWN),53
565,302,Bhosari Gavhane Vasti to Pimprigaon (UP),53
836,38,Dhankawadi to Na Ta Wadi (DOWN),53
177,148,Shewalewadi Depot to Pimplegurav (DOWN),52
323,189,Dhangar Vasti to Hadapsar Gadital (UP),52
324,189,Hadapsar Gadital to Dhangar Vasti (DOWN),52
371,207A,Saswad to Hadapsar Gadital (UP),52
546,2A,Shivaji Nagar to Katraj (UP),52
630,322,Ma Na Pa Main Gate to Akurdi Railway Station (DOWN),52
705,348,Pune Station Moledina Stand to Nigdi Bhakti Shakti (DOWN),52
629,322,Akurdi Railway Station to Ma Na Pa Main Gate (UP),51
176,148,Pimplegurav to Shewalewadi Depot (UP),50
460,235,Kharadi Gaon to Katraj (UP),50
461,235,Katraj to Kharadi Gaon (DOWN),50
473,256,Pune Station Moledina Stand to Balewadi Depot (DOWN),50
241,163,Dhole Patil Collage to Pune Station Ambedkar Putala (UP),49
248,165,Ma Na Pa Dengle Pul Nadikathi to Vadgaon Sheri (DOWN),49
270,169,Shaniwarwada Stand to Keshav Nagar (DOWN),49
511,290,Jambhulwadi to Swargate (DOWN),49
704,348,Nigdi Bhakti Shakti to Pune Station Moledina Stand (UP),49
897,58,Shanipar Stand to Gokhale Nagar Police Line (DOWN),49
214,158,Ma Na Pa Dengle Pul Nadikhathi to Pride World City Lohegaon (DOWN),48
242,163,Pune Station Ambedkar Putala to Dhole Patil Collage (DOWN),48
896,58,Gokhale Nagar Police Line to Shanipar Stand (UP),48
898,59,Niljyoti Society to Shanipar Stand (UP),48
899,59,Shanipar Stand to Niljyoti Society (DOWN),48
213,158,Pride World City Lohegaon to Ma Na Pa Dengle Pul Nadikathi (UP),47
267,169,Keshav Nagar to Shaniwarwada Stand (UP),47
472,256,Balewadi Depot to Pune Station Moledina Stand (UP),47
510,290,Swargate to Jambhulwadi (UP),47
81,123,Ma Na Pa Main Stand to Nigdi Bhakti Shakti (DOWN),47
223,15,Dsk Vishwa to Bhekrai Nagar (UP),46
247,165,Vadgaon Sheri to Ma Na Pa Dengle Pul Nadikhathi (UP),46
357,201,Alandi to Bhekrai Nagar (UP),46
358,201,Bhekrai Nagar to Alandi (DOWN),45
40,115,Hinjawadi Maan Phase 3 to Pune Station Moledina Stand (UP),45
603,313,Chandkhed to Chinchwadgaon (UP),45
224,15,Bhekrai Nagar to Dsk Vishwa (DOWN),44
41,115,Pune Station Moledina Stand to Hinjawadi Maan Phase 3 (DOWN),44
604,313,Chinchwadgaon to Chandkhed (DOWN),44
80,123,Nigdi Bhakti Shakti to Ma Na Pa Main Stand (UP),44
282,174,Pune Station Moledina Stand to Nda 10 No. Gate (DOWN),43
297,17,Narhegaon to Shivaji Nagar (UP),43
411,216,Bharati Vidyapeeth to Shivaji Nagar (DOWN),43
679,336,Wagholi Kesnand Phata to Bhakti Shakti Stand (DOWN),43
327,192,Vadachi Wadi to Hadapsar Gadital (UP),42
359,202,Ganpati Matha to Shewalewadi Depot (UP),42
440,228,Vadgaon Mawal to Katraj (UP),42
445,228,Katraj to Vadgaon Mawal (DOWN),42
678,336,Nigdi Bhakti Shakti to Kesnand Phata Wagholi (UP),42
69,11,Marketyard Depot to Pimplegurav (DOWN),42
70,120,Endurance Systems Chakan Mahalunge to Bhosari Chakan Road (UP),42
71,120,Bhosari Chakan Road to Endurance Systems Chakan Mahalunge (DOWN),42
111,130,Narhegaon to Swargate (DOWN),41
328,192,Hadapsar Gadital to Vadachi Wadi (DOWN),41
410,216,Shivaji Nagar to Bharati Vidyapeeth (UP),41
68,11,Pimplegurav to Marketyard Depot (UP),41
110,130,Swargate to Narhegaon (UP),40
419,21,Swargate to Sangvi Vasantdada Putala (DOWN),40
570,303,Nigdi Pawale Chowk to Akurdi Railway Station (DOWN),40
577,305,Vadgaon Mawal to Nigdi Pawale Chowk (UP),40
578,305,Nigdi Pawale Chowk to Vadgaon Mawal (DOWN),40
605,314,Chakan Ambethan Chowk to Nigdi Pawale Chowk (UP),40
606,314,Nigdi to Chakan Ambethan Chowk (DOWN),40
740,358A,Bhamchandra Vidhyalay Vasuli to Bhosari Chakan Road (UP),40
741,358A,Bhosari Chakan Road to Bhamchandra Vidhyalay Vasuli (DOWN),40
847,43A,Hinjawadi Maan Phase 3 to Katraj (UP),40
927,67,Uruli Kanchan to Hadapsar Gadital Solapur Road (UP),40
351,19,Swargate to Yewalewadi (UP),39
360,202,Shewalewadi Depot to Ganpati Matha (DOWN),39
569,303,Akurdi Railway Station to Nigdi Pawale Chowk (UP),39
792,369,Bhamchandra Vidhyalay Vasuli to Nigdi Tilak Chowk (UP),39
849,43A,Katraj to Hinjawadi Maan Phase 3 (DOWN),39
183,151,Pune Station Moledina Stand to Alandi (DOWN),38
281,174,Nda 10 No. Gate to Pune Station Moledina Stand (UP),38
730,355,Nageshwar Vidyalaya Chikhli to Radha Hotel (UP),38
733,355,Radha Hotel to Nageshwar Vidyalaya Chikhli (DOWN),38
134,139A,Nigdi Bhakti Shakti Stand to Bhekrai Nagar (UP),37
135,139A,Bhekrai Nagar to Nigdi Bhakti Shakti Stand (DOWN),37
182,151,Alandi to Pune Station Moledina Stand (UP),37
191,152,Lohegaon to Ma Na Pa Daphale Garage (UP),37
877,51,Shivaji Nagar to Dsk Vishwa (DOWN),37
929,67,Hadapsar Gadital Solapur Road to Uruli Kanchan (DOWN),37
1028,94,Pune Station Moledina Stand to Matalwadi Bhugaon (UP),36
1031,94,Matalwadi Bhugaon to Pune Station Moledina Stand (DOWN),36
194,152,Ma Na Pa Daphale Garage to Dimond Water Park (DOWN),36
352,19,Yewalewadi to Swargate (DOWN),36
418,21,Sangvi Vasantdada Putala to Swargate (UP),36
462,236,Kesnand Phata Wagholi to Katraj (UP),36
793,369,Nigdi Tilak Chowk to Bhamchandra Vidhyalay Vasuli (DOWN),36
117,133A,Ma Na Pa Shramik Bhavan to Columbia Hospital (DOWN),35
200,155,Pune Station Moledina Stand to Dimond Water Park (DOWN),35
298,17,Shivaji Nagar to Narhegaon (DOWN),35
463,236,Katraj to Wagholi Kesnand Phata (DOWN),35
1045,99,Kothrud Depot to Kekan Gas (DOWN),34
1048,AP2,Upper Depot to Katraj Kondhwa Road (UP),34
116,133A,Columbia Hospital to Ma Na Pa Shramik Bhavan (UP),34
199,155,Dimond Water Park to Pune Station Moledina Stand (UP),34
1044,99,Kekan Gas to Kothrud Depot (UP),33
1049,AP2,Katraj Kondhwa Road to Upper Depot (DOWN),33
356,200,Shewalewadi Depot to Alandi (DOWN),33
876,51,Dsk Vishwa to Shivaji Nagar (UP),33
139,139,Shewalewadi Depot to Nigdi Bhakti Shakti (DOWN),32
887,52,Swargate to Manerwadi Phata Khanapur (DOWN),32
138,139,Nigdi Bhakti Shakti to Shewalewadi Depot (UP),31
197,154,Dimond Water Park to Pune Station Moledina Stand (UP),31
198,154,Pune Station Moledina Stand to Dimond Water Park (DOWN),31
256,166,Pune Station Ambedkar Putala to Lohegaon Airport (DOWN),31
355,200,Alandi to Shewalewadi Depot (UP),31
885,52,Manerwadi Phata Khanapur to Swargate (UP),31
255,166,Lohgaon Airport to Pune Station Ambedkar Putala (UP),30
700,346,Bhosari Pmt Chowk to Kesnand Phata Wagholi (UP),30
701,346,Wagholi Kesnand Phata to Bhosari Pmt Chowk (DOWN),30
459,234,Ma Na Pa Shramik Bhavan to Dhole Patil Collage (DOWN),29
495,276,Ganpati Matha to Chinchwadgaon Aundh Road / Chinchwadgaon (DOWN),29
815,374,Virbaba Chowk Sai Nagar to Nigdi Pawale Chowk (UP),29
816,374,Nigdi Pawale Chowk to Virbaba Chowk Sai Nagar (DOWN),29
833,381,Megapolis Phase 3 to Nageshwar Vidyalaya Chikhli (UP),29
834,381,Nageshwar Vidyalaya Chikhli to Megapolis Phase 3 (DOWN),29
1060,H3,Saswad Road Railway Station to Mantri Market Hadapsar (UP),28
1061,H3,Mantri Market Hadapsar to Saswad Road Railway Station (DOWN),28
1083,K16,Katraj Kondhwa Road to Yewalewadi (DOWN),28
494,276,Chinchwadgaon to Ganpati Matha (UP),28
502,282,Bhosari Terminal to Ganpati Matha (UP),28
647,327,Hinjawadi Maan Phase 3 to Alandi (UP),28
648,327,Alandi to Hinjawadi Maan Phase 3 (DOWN),28
1082,K16,Yewalewadi to Katraj (UP),27
118,133,Anand Park Vadgaon Sheri Road to Ma Na Pa Shramik Bhavan (UP),27
119,133,Ma Na Pa Shramik Bhavan to Anand Park Vadgaon Sheri Road (DOWN),27
458,234,Dhole Patil Collage to Ma Na Pa Shramik Bhavan (UP),27
469,24,Katraj to Maharashtra Housing Board Samta Nagar (DOWN),27
503,282,Ganpati Matha to Bhosari Terminal (DOWN),27
695,343,Chakan Ambethan Chowk to Talegaon Dhabhade Maruti Mandir (DOWN),27
784,367,Mukai Chowk to Bhosari Gavhane Vasti (UP),27
787,367,Bhosari Gavhane Vasti to Mukai Chowk (DOWN),27
890,55,Shanipar Stand to Suncity (UP),27
891,55,Suncity to Shanipar Stand (DOWN),27
174,148A,Bhosari Terminal to Bhekrai Nagar (UP),26
500,281,Nigdi Bhakti Shakti to Ganpati Matha (UP),26
694,343,Talegaon Dhabhade Maruti Mandir to Chakan Ambethan Chowk (UP),26
100,126,Bopkhel to Pimple Nilakh (DOWN),25
175,148A,Bhekrai Nagar to Bhosari Terminal (DOWN),25
468,24,Maharashtra Housing Board Samta Nagar to Katraj (UP),25
501,281,Ganpati Matha to Nigdi Bhakti Shakti (DOWN),25
633,323,Nageshwar Vidyalaya Chikhli to Ma Na Pa Main Stand (UP),25
634,323,Ma Na Pa Main Stand to Nageshwar Vidyalaya Chikhli (DOWN),25
789,368,Nigdi Pawale Chowk to Lonavala Railway Station (DOWN),25
1077,K12,Abhinav Collage Narhe to Katraj (DOWN),24
1080,K14,Gujarwadi to Katraj (UP),24
1081,K14,Katraj to Gujarwadi (DOWN),24
291,177,Bhangire Nagar Mahamadwadi to Pune Station Depot (UP),24
292,177,Pune Station Depot to Bhangire Nagar Mahamadwadi (DOWN),24
393,210,Hadapsar Gadital to Midc Jejuri (DOWN),24
773,363,Samir Lawns Ravet to Pimpri Road (UP),24
96,126,Pimple Nilakh to Bopkhel (UP),24
1076,K12,Katraj to Abhinav Collage Narhe (UP),23
554,301A,Katraj to Bhekrai Nagar (DOWN),23
685,340,Nigdi Pawale Chowk to Alandi (DOWN),23
728,355A,Nageshwar Vidyalaya Chikhli to Radha Hotel (UP),23
761,360,Alandi to Bajirao Padale Chowk Mhalunge (DOWN),23
788,368,Lonavala Railway Station to Nigdi Pawale Chowk (UP),23
14,104,Dsk Vishwa to Shivaji Nagar (UP),22
15,104,Shivaji Nagar to Dsk Vishwa (DOWN),22
392,210,Midc Jejuri to Hadapsar Gadital (UP),22
684,340,Alandi to Nigdi Pawale Chowk (UP),22
777,363,Pimpri Road to Samir Lawns Ravet (DOWN),22
1130,N15,Rupee Nagar to Nigdi Pawale Chowk (UP),21
1131,N15,Nigdi Pawale Chowk to Rupee Nagar (DOWN),21
168,146,Gokhale Nagar Police Line to Pune Station Jayprakash Stand (UP),21
169,146,Pune Station Jayprakash Stand to Gokhale Nagar Police Line (DOWN),21
402,214,Shingad Collage Ambegaon to Katraj (UP),21
403,214,Katraj to Shingad Collage Ambegaon (DOWN),21
404,215,Swargate to Chintamani Dnyanpith (UP),21
590,30,Marketyard Depot to Ghotawade Phata (DOWN),21
671,333,Pune Station Moledina Stand to Hinjawadi Maan Phase 3 (DOWN),21
760,360,Bajirao Padale Chowk Mhalunge to Alandi (UP),21
405,215,Chintamani Dnyanpith to Swargate (DOWN),20
585,308,Gharkul Vasahat Chikhali to Nigdi Pawale Chowk (UP),20
586,308,Nigdi Pawale Chowk to Gharkul Vasahat Chikhali (DOWN),20
670,333,Hinjawadi Maan Phase 3 to Pune Station Moledina Stand (UP),20
726,354,Pimprigaon to Marketyard Depot (UP),20
727,354,Marketyard Depot to Pimprigaon (DOWN),20
729,355A,Radha Hotel to Nageshwar Vidyalaya Chikhli (DOWN),20
866,50,Sinhgad to Shaniwarwada Stand (UP),20
906,61,Sarola to Balaji Nagar Corner Satara Road (UP),20
907,61,Balaji Nagar Corner Satara Road to Sarola (DOWN),20
57,118,Swargate Natraj Stand to Vadgaon Budruk Stand (DOWN),19
154,143,Pune Station Moledina Stand to Galinde Path (UP),18
155,143,Galinde Path to Pune Station Moledina Stand (DOWN),18
265,168,Keshav Nagar to Shaniwarwada Stand (UP),18
266,168,Shaniwarwada Stand to Keshav Nagar (DOWN),18
311,183,Wagholi Kesnand Phata to Hadapsar Gadital Solapur Road (UP),18
312,183,Hadapsar Gadital Solapur Road to Wagholi Kesnand Phata (DOWN),18
476,257,Alandi to Panaychi Taki Markal (UP),18
477,257,Panaychi Taki Markal to Alandi (DOWN),18
589,30,Ghotawade Phata to Marketyard Depot (UP),18
654,329,Siddhanta College Sudumbare to Pimpri Road (UP),18
78,122,Chinchwadgaon to Ma Na Pa Main Stand (UP),18
780,366,Nigdi Bhakti Shakti to Pune Station Depot (UP),18
1059,H11,Hadapsar Gadital to Sanket Vihar Lane No 18 (DOWN),17
368,205,Shewalewadi Depot to Sangvi Vasantdada Putala (DOWN),17
381,208,Bhekrai Nagar to Hinjawadi Maan Phase 3 (DOWN),17
55,118,Vadgaon Budruk Stand to Swargate Natraj Stand (UP),17
597,312,Chinchwadgaon to Pune Station Depot (UP),17
613,317,Sambhaji Nagar to Pune Station Depot (UP),17
614,317,Pune Station Depot to Sambhaji Nagar (DOWN),17
781,366,Pune Station Depot to Nigdi Bhakti Shakti (DOWN),17
873,50,Shaniwarwada Stand to Sinhgad (DOWN),17
1058,H11,Sanket Vihar Lane No 18 to Hadapsar Gadital (UP),16
225,160,Manjari Budruk to Shaniwarwada Stand (UP),16
226,160,Shaniwarwada Stand to Manjari Budruk (DOWN),16
367,205,Sangvi Vasantdada Putala to Shewalewadi Depot (UP),16
380,208,Hinjawadi Maan Phase 3 to Bhekrai Nagar (UP),16
422,221,I V Estate Wagholi to Wagholi Kesnand Phata (UP),16
423,221,Kesnand Phata Wagholi to IV VILLA LANE NO. 1 (DOWN),16
655,329,Pimpri Road to Siddhanta College Sudumbare (DOWN),16
698,345,Hinjawadi Maan Phase 3 to Bhosari Terminal (UP),16
699,345,Bhosari Terminal to Hinjawadi Maan Phase 3 (DOWN),16
854,44,Akurdi Railway Station to Katraj (UP),16
855,44,Katraj to Akurdi Railway Station (DOWN),16
1072,K11,Katraj to Jambhulwadi (UP),15
1073,K11,Jambhulwadi to Katraj (DOWN),15
114,132,Shubham Society Nagar Road to Ma Na Pa Shramik Bhavan (UP),15
115,132,Ma Na Pa Shramik Bhavan to Shubham Society Nagar Road (DOWN),15
553,301A,Bhekrai Nagar to Katraj (UP),15
79,122,Ma Na Pa Main Stand to Chinchwadgaon (DOWN),15
895,57,Pune Station Jayprakash Stand to Vadgaon Budruk Stand (DOWN),15
1016,8,Pune Station Moledina Stand to Deccan Gymkhana (UP),14
1017,8,Deccan Gymkhana to Pune Station Moledina Stand (DOWN),14
497,277,Kothrud Depot to Bhosari Terminal (DOWN),14
696,344,Baner Depot to Alandi (UP),14
894,57,Vadgaon Budruk Stand to Pune Station Jayprakash Stand (UP),14
915,65A,Hadapsar Gadital Solapur Road to Patas (DOWN),14
1001,86,Deccan Gymkhana to Paud St Stand (DOWN),13
162,144,Pune Station Moledina Stand to Nda 10 No. Gate (UP),13
165,144,Nda 10 No. Gate to Pune Station Moledina Stand (DOWN),13
400,213,Nira to Hadapsar Gadital (UP),13
401,213,Hadapsar Gadital to Nira (DOWN),13
457,233,Marketyard Depot to Paud Shashkiy Vishram Gruh (DOWN),13
496,277,Bhosari Terminal to Kothrud Depot (UP),13
697,344,Alandi to Baner Depot (DOWN),13
722,353,Shikrapur Phata to Chakan Ambethan Chowk (UP),13
1000,86,Paud St Stand to Deccan Gymkhana (UP),12
234,161,Zilla Parishad Shala Karegaon to Kesnand Phata Wagholi (UP),12
364,203,Shewalewadi Depot to Pune Station Moledina Stand (DOWN),12
373,207,Saswad to Swargate (UP),12
456,233,Paud Shashkiy Vishram Gruh to Marketyard Depot (UP),12
723,353,Chakan Ambethan Chowk to Shikrapur Phata (DOWN),12
838,39,Dhankawadi to Pune Station Jayprakash Stand (DOWN),12
1113,METRO SHUTTLE 31,Pimpri Chowk Metro Station to Kalewadi Phata (DOWN),11
1244,257A,Indian Oil Petrol Pump Tulapur to Wagholi Kesnand Phata (UP),11
1245,257A,Wagholi Kesnand Phata to Indian Oil Petrol Pump Tulapur (DOWN),11
299,180,Bhekrai Nagar to Na Ta Wadi (UP),11
300,180,Na Ta Wadi to Bhekrai Nagar (DOWN),11
379,207,Swargate to Saswad (DOWN),11
523,292,Balaji Nagar Corner Satara Road to Kondhanpur (DOWN),11
533,296,Balaji Nagar Corner Satara Road to Velhe (DOWN),11
582,306,Dange Chowk to Megapolis Phase 3 (DOWN),11
837,39,Pune Station Jayprakash Stand to Dhankawadi (UP),11
1009,87,Sutarwadi Depot to Deccan Gymkhana (UP),10
1013,87,Deccan Gymkhana to Sutarwadi Depot (DOWN),10
1021,90,Katraj to Gokhale Nagar Police Line (DOWN),10
1055,B2,Alandi to DY Patil College Charholi (DOWN),10
1094,METRO SHUTTLE 13,Upper Depot to Swargate (DOWN),10
1109,METRO SHUTTLE 20,Ramwadi Metro Station to PANCHSHIL TOWERS E VON GATE NO. 2 Kharadi (DOWN),10
1112,METRO SHUTTLE 31,Kalewadi Phata to Pimpri Chowk Metro Station (UP),10
236,161,Wagholi Kesnand Phata to Zilla Parishad Shala Karegaon (DOWN),10
36,113,Sangvi Vasantdada Putala to Vasant Talkies (UP),10
37,113,Vasant Talkies to Sangvi Vasantdada Putala (DOWN),10
453,233A,Marketyard Depot to Kolwan Gaon (DOWN),10
532,296,Velhe to Balaji Nagar Corner Satara Road (UP),10
574,305A,Nigdi Pawale Chowk to Greenbase Industrial Park Navlakh Umbre (DOWN),10
642,326,Pimprigaon to Nageshwar Vidyalaya Chikhli (DOWN),10
706,34,Nigdi Pawale Chowk to Aundhgaon (UP),10
707,34,Aundhgaon to Nigdi Pawale Chowk (DOWN),10
936,6,Pune Station Moledina Stand to Swargate (UP),10
937,6,Swargate to Pune Station Moledina Stand (DOWN),10
1020,90,Gokhale Nagar Police Line to Katraj (UP),9
1092,METRO SHUTTLE 13,Swargate to Upper Depot (UP),9
131,137,Ma Na Pa Shramik Bhavan to Pargaon Salu Malu (DOWN),9
1345,K12A,Nandanvan City Narhe to Katraj (DOWN),9
294,179,Hadapsar Gadital to Lohegaon Khandoba Mal (DOWN),9
347,19A,Swargate to Yewalewadi (UP),9
348,19A,Yewalewadi to Swargate (DOWN),9
452,233A,Kolwan Gaon to Marketyard Depot (UP),9
573,305A,Greenbase Industrial Park Navlakh Umbre to Nigdi Pawale Chowk (UP),9
641,326,Nageshwar Vidyalaya Chikhli to Pimprigaon (UP),9
66,11C,Pimplegurav to Katraj (UP),9
67,11C,Katraj to Pimplegurav (DOWN),9
83,124,Aundhgaon to Neilsoft Company infosys Phase 3 (DOWN),9
1326,337,Dsk Vishwa to Nigdi Bhakti Shakti Stand (UP),8
1327,337,Nigdi Bhakti Shakti Stand to Dsk Vishwa (DOWN),8
150,141,Pune Station Jayprakash Stand to Kumar Pruthvi Kondhwa (UP),8
151,141,Kumar Pruthvi Kondhwa to Pune Station Jayprakash Stand (DOWN),8
206,157,Ma Na Pa Shramik Bhavan to JSPM Vidhyapith Wagholi (DOWN),8
208,158A,Ma Na Pa Dengle Pul Nadikhathi to Dimond Water Park (DOWN),8
29,111M,Bhekrai Nagar to Ma Na Pa Congress Bhavan (DOWN),8
313,184,Ramdara to Hadapsar Gadital Solapur Road (UP),8
314,184,Hadapsar Gadital Solapur Road to Ramdara (DOWN),8
315,185,Kesnand Phata Wagholi to Hadapsar Gadital Solapur Road (UP),8
316,185,Hadapsar Gadital Solapur Road to Wagholi Kesnand Phata (DOWN),8
49,118A,Swargate Natraj Stand to Suncity (DOWN),8
521,292,Kondhanpur to Balaji Nagar Corner Satara Road (UP),8
759,360A,Alandi to Aundhgaon (DOWN),8
779,364,Alandi to Chakan Ambethan Chowk (DOWN),8
829,37,Wakdewadi Navin ST Stand to Sahakar Nagar (UP),8
830,37,Sahakar Nagar to Wakdewadi Navin ST Stand (DOWN),8
923,67A,Swargate to Uruli Kanchan (DOWN),8
943,72,Nda 10 No. Gate to Sukhsagar Nagar (UP),8
944,72,Sukhsagar Nagar to Nda 10 No. Gate (DOWN),8
102,12,Shivaji Nagar to Upper Depot (UP),7
103,12,Upper Depot to Shivaji Nagar (DOWN),7
1054,B2,DY Patil College Charholi to Alandi (UP),7
1108,METRO SHUTTLE 20,PANCHSHIL TOWERS E VON GATE NO. 2 Kharadi to Ramwadi Metro Station (UP),7
1110,METRO SHUTTLE 2,Ganpati Matha to Deccan Gymkhana (UP),7
1111,METRO SHUTTLE 2,Deccan Gymkhana to Ganpati Matha (DOWN),7
1266,332,Tata Motors Bebadohal to Nigdi Pawale Chowk (UP),7
1267,332,Nigdi Pawale Chowk to Tata Motors Bebadohal (DOWN),7
1344,K12A,Katraj to Nandanvan City Narhe (UP),7
205,157,JSPM Vidhyapith Wagholi to Ma Na Pa Shramik Bhavan (UP),7
207,158A,Dimond Water Park to Ma Na Pa Dengle Pul Nadikathi (UP),7
28,111M,Ma Na Pa Congress Bhavan to Bhekrai Nagar (UP),7
280,172,Yewalewadi to Pune Station Jayprakash Stand (DOWN),7
293,179,Lohegaon Khandoba Mal to Hadapsar Gadital (UP),7
48,118A,Suncity to Swargate Natraj Stand (UP),7
488,26,Shivaji Nagar to Dhankawadi (UP),7
489,26,Dhankawadi to Shivaji Nagar (DOWN),7
534,297,Shivaji Nagar to Rajas Society (UP),7
535,297,Rajas Society to Shivaji Nagar (DOWN),7
581,306,Megapolis Phase 3 to Dange Chowk (UP),7
624,320,Chinchwadgaon to Hinjawadi Maan Phase 3 (DOWN),7
686,341,Urse Gaon Vasudev Aashram to Nigdi Pawale Chowk (UP),7
687,341,Nigdi Pawale Chowk to Urse Gaon Vasudev Aashram (DOWN),7
736,356,Sector no. 12 PM Awas Yojana Bhosari to Nashik Phata Metro Station (UP),7
737,356,Nashik Phata to Sector no. 12 PM Awas Yojana Bhosari (DOWN),7
758,360A,Aundhgaon to Alandi (UP),7
778,364,Chakan Ambethan Chowk to Alandi (UP),7
786,367M,Bhosari Gavhane Vasti to Mukai Chowk (DOWN),7
814,374A,Nigdi Pawale Chowk to Gahunjegaon (DOWN),7
878,52A,Varasgaon Goradwadi to Swargate (UP),7
879,52A,Swargate to Varasgaon Goradwadi (DOWN),7
914,65A,Patas to Hadapsar Gadital Solapur Road (UP),7
922,67A,Uruli Kanchan to Swargate (UP),7
938,70,Mulshi Gaon to Marketyard Depot (UP),7
939,70,Marketyard Depot to Mulshi Gaon (DOWN),7
989,84,Deccan Gymkhana to Mutha Gaon (DOWN),7
1002,87A,Zilla Parishad School Chande to Deccan Gymkhana (UP),6
1098,METRO SHUTTLE 17,Shivaji Nagar Civil Court Metro Station to Hadapsar Gadital (UP),6
1099,METRO SHUTTLE 17,Hadapsar Gadital to Shivaji Nagar Civil Court Metro Station (DOWN),6
1114,METRO SHUTTLE 32,Nigdi Bhakti Shakti to Nashik Phata (UP),6
1115,METRO SHUTTLE 32,Nashik Phata Metro Station to Nigdi Bhakti Shakti (DOWN),6
126,136,Vadegaon to Kesnand Phata Wagholi (UP),6
127,136,Wagholi Kesnand Phata to Vadegaon (DOWN),6
152,142,Ghotawade Phata to Pune Station Moledina Stand (UP),6
153,142,Pune Station Depot to Ghotawade Phata (DOWN),6
158,144A,Pune Station Moledina Stand to Aditya Garden City (UP),6
159,144A,Aditya Garden City to Pune Station Moledina Stand (DOWN),6
166,145,Sutarwadi Depot to Pune Station Depot (UP),6
167,145,Pune Station Depot to Sutarwadi Depot (DOWN),6
195,153,Alandi to Kharadi Gaon (UP),6
217,159B,Loni Dhamni to Ma Na Pa Shramik Bhavan (UP),6
238,162,Ma Na Pa Shramik Bhavan to Pabal Gaon (DOWN),6
279,172,Pune Station Jayprakash Stand to Yewalewadi (UP),6
317,186,Jspm College to Hadapsar Gadital (UP),6
318,186,Hadapsar Gadital to Jspm College (DOWN),6
432,227A,Mhasoba Mandir Kharawade to Marketyard Depot (UP),6
433,227A,Marketyard Depot to Mhasoba Mandir Kharawade (DOWN),6
484,262,Sant Tukaram Maharaj Krida Sankul Dehugaon to Pune Station Moledina Stand (UP),6
485,262,Pune Station Moledina Stand to Sant Tukaram Maharaj Krida Sankul Dehugaon (DOWN),6
576,305B,Nigdi Pawale Chowk to Mindewadi Navlakh Umbre (DOWN),6
623,320,Hinjawadi Maan Phase 3 to Chinchwadgaon (UP),6
625,321,Megapolis Phase 3 to Neilsoft Company infosys Phase 3 (UP),6
626,321,Neilsoft Company infosys Phase 3 to Megapolis Phase 3 (DOWN),6
631,323A,Gharkul Vasahat Chikhali to Ma Na Pa Main Stand (UP),6
632,323A,Ma Na Pa Main Stand to Gharkul Vasahat Chikhali (DOWN),6
766,362,Ycm Hospital to Alandi (UP),6
767,362,Alandi to Ycm Hospital (DOWN),6
785,367M,Mukai Chowk to Bhosari Gavhane Vasti (UP),6
813,374A,Gahunjegaon to Nigdi Pawale Chowk (UP),6
82,124,Neilsoft Company infosys Phase 3 to Aundhgaon (UP),6
821,375,Neilsoft Company infosys Phase 3 to Nigdi Pawale Chowk (UP),6
822,375,Nigdi Pawale Chowk to Neilsoft Company infosys Phase 3 (DOWN),6
858,47,Sanaswadi Nandoshi to Swargate (UP),6
859,47,Swargate to Sanaswadi Nandoshi (DOWN),6
982,84A,Sangrun to Deccan Gymkhana (UP),6
1003,87A,Deccan Gymkhana to Zilla Parishad School Chande (DOWN),5
1046,9,Deccan Gymkhana to Pune Station Moledina Stand (UP),5
1047,9,Pune Station Moledina Stand to Deccan Gymkhana (DOWN),5
112,131,Golegaon Gram Panchayat to Ma Na Pa Dengle Pul Nadikhathi (UP),5
113,131,Ma Na Pa Dengle Pul Nadikathi to Golegaon Gram Panchayat (DOWN),5
1132,N16,Nageshwar Vidyalaya Chikhli to Akurdi Khandoba Maal (UP),5
1133,N16,Akurdi Khandoba Maal to Nageshwar Vidyalaya Chikhli (DOWN),5
1134,P13,Walhekarwadi to Pimpri Chowk Metro Station (UP),5
1135,P13,Pimpri Chowk Metro Station to Walhekarwadi (DOWN),5
1275,211,Saswad to Uruli Kanchan (DOWN),5
130,137,Pargaon Salu Malu to Ma Na Pa Shramik Bhavan (UP),5
16,107,Pimplegurav to Ganpati Matha (UP),5
17,107,Ganpati Matha to Pimplegurav (DOWN),5
237,162,Pabal Gaon to Ma Na Pa Shramik Bhavan (UP),5
58,119A,Charholigaon to Ma Na Pa Daphale Garage (UP),5
583,307,ISKCON Mandir in Shindewasti Ravet to Chinchwadgaon (UP),5
584,307,Chinchwadgaon to ISKCON Mandir in Shindewasti Ravet (DOWN),5
59,119A,Ma Na Pa Daphale Garage to Charholigaon (DOWN),5
627,322A,Akurdi Railway Station to Ma Na Pa Main Gate (UP),5
628,322A,Ma Na Pa Main Gate to Akurdi Railway Station (DOWN),5
661,331A,Charholigaon Burde Vasti to Pimple Saudagar (DOWN),5
662,331B,Pimple Saudagar- Mahadev Mandir / Pimple Saudagar to Charholigaon (UP),5
683,339,Gujarwadi Pmt Bus Stand to Sant Nagar Rto Office (DOWN),5
934,69,Ghotawadegaon to Marketyard Depot (UP),5
935,69,Marketyard Depot to Ghotawadegaon (DOWN),5
983,84A,Deccan Gymkhana to Sangrun (DOWN),5
1022,91,Isha Nagari to Ma Na Pa Congress Bhavan (UP),4
1141,RATRANI 3,Swargate to Hadapsar Gadital (DOWN),4
1143,RATRANI 4,Hadapsar Gadital to Pune Station St. Helena'S Stand (DOWN),4
1274,211,Uruli Kanchan to Saswad (UP),4
196,153,Kharadi Gaon to Alandi (DOWN),4
218,159B,Ma Na Pa Shramik Bhavan to Loni Dhamni (DOWN),4
245,164,Nhavare to Ma Na Pa Shramik Bhavan (UP),4
246,164,Ma Na Pa Shramik Bhavan to Nhavare (DOWN),4
287,176,Vadachi Wadi to Pune Station Depot (UP),4
288,176,Pune Station Depot to Vadachi Wadi (DOWN),4
382,209A,Saswad to Swargate (UP),4
383,209A,Swargate to Saswad (DOWN),4
434,227,Marnewadi to Marketyard Depot (UP),4
435,227,Marketyard Depot to Marnewadi (DOWN),4
487,264,Bhosari Pmt Chowk to Pabal Gaon (DOWN),4
499,279,Marketyard Depot to Katar Khadak (DOWN),4
531,296A,Balaji Nagar Corner Satara Road to Vangniwadi (DOWN),4
575,305B,Mindewadi Navlakh Umbre to Nigdi Pawale Chowk (UP),4
579,306A,Hinjewadi Hills Dattawadi to Dange Chowk (UP),4
580,306A,Dange Chowk to Hinjewadi Hills Dattawadi (DOWN),4
609,316,Katar Khadak to Chinchwadgaon (UP),4
610,316,Chinchwadgaon to Katar Khadak (DOWN),4
657,330,Alandi to Talegaon Dhabhade Maruti Mandir (DOWN),4
659,331A,Pimple Saudagar- Mahadev Mandir / Pimple Saudagar to Charholigaon Burde Vasti (UP),4
663,331B,Charholigaon to Pimple Saudagar (DOWN),4
672,334,Gharkul Vasahat Chikhali to Pimprigaon (UP),4
673,334,Pimprigaon to Gharkul Vasahat Chikhali (DOWN),4
682,339,Sant Nagar Rto Office to Gujarwadi Pmt Bus Stand (UP),4
712,351,Jambe to Alandi (UP),4
800,371,Takve Bhoyregaon to Nigdi Pawale Chowk (UP),4
801,371,Nigdi Pawale Chowk to Takve Bhoyregaon (DOWN),4
904,60,Ghule Nagar Vadgaon Budruk to Swargate (UP),4
905,60,Swargate to Ghule Nagar Vadgaon Budruk (DOWN),4
947,73,Gada Modi Chowk Khamgaon to Hadapsar Gadital Solapur Road (UP),4
948,73,Hadapsar Gadital Solapur Road to Gada Modi Chowk Khamgaon (DOWN),4
951,74,Paud Shashkiy Vishram Gruh to Chinchwadgaon (UP),4
952,74,Chinchwadgaon to Paud Shashkiy Vishram Gruh (DOWN),4
959,77,Hinjawadi Maan Phase 3 to Ganpati Matha (UP),4
960,77,Ganpati Matha to Hinjawadi Maan Phase 3 (DOWN),4
979,83,Alandi to Nda 10 No. Gate (UP),4
980,83,Nda 10 No. Gate to Alandi (DOWN),4
987,84,Mutha Gaon to Deccan Gymkhana (UP),4
1023,91,Ma Na Pa Congress Bhavan to Isha Nagari (DOWN),3
1089,K7,Sneha Vihar Dangat Patil Nagar to Deccan Gymkhana (UP),3
1138,RATRANI 2,Pune Station Moledina Stand to Katraj (UP),3
1139,RATRANI 2,Katraj to Pune Station Moledina Stand (DOWN),3
1140,RATRANI 3,Hadapsar Gadital to Swargate (UP),3
1142,RATRANI 4,Pune Station St. Helena'S Stand to Hadapsar Gadital (UP),3
1146,RATRANI 7,Nda 10 No. Gate to Pune Station Moledina Stand (UP),3
1147,RATRANI 7,Pune Station Moledina Stand to Nda 10 No. Gate (DOWN),3
170,147,Nhavi Sandas to Ma Na Pa Shramik Bhavan (UP),3
171,147,Ma Na Pa Shramik Bhavan to Nhavi Sandas (DOWN),3
18,108,Pune Station Moledina Road to Sutardara (UP),3
19,108,Sutardara to Pune Station Moledina Stand (DOWN),3
396,212,Morgaon St Stand to Hadapsar Gadital (UP),3
397,212,Hadapsar Gadital to Morgaon St Stand (DOWN),3
425,225,Kharadi Gaon to Hinjawadi Maan Phase 3 (DOWN),3
450,232,Gram Panchayat Belawade to Marketyard Depot (UP),3
451,232,Marketyard Depot to Gram Panchayat Belawade (DOWN),3
454,233B,Bhadasgaon to Marketyard Depot (UP),3
455,233B,Marketyard Depot to Bhadasgaon (DOWN),3
486,264,Pabal Gaon to Bhosari Pmt Chowk (UP),3
498,279,Katar Khadak to Marketyard Depot (UP),3
524,293,Saswad to Balaji Nagar Corner Satara Road (UP),3
525,293,Balaji Nagar Corner Satara Road to Saswad (DOWN),3
530,296A,Vangniwadi to Balaji Nagar Corner Satara Road (UP),3
567,303A,Gahunjegaon to Nigdi Pawale Chowk (UP),3
568,303A,Nigdi Pawale Chowk to Gahunjegaon (DOWN),3
688,342,Vasudev Aashram Ursegaon to Nigdi Pawale Chowk (UP),3
689,342,Nigdi Pawale Chowk to Vasudev Aashram Ursegaon (DOWN),3
731,355M,Nageshwar Vidyalaya Chikhli to Dange Chowk (UP),3
732,355M,Dange Chowk to Nageshwar Vidyalaya Chikhli (DOWN),3
748,359A,Rajguru Nagar Low Collage to Pimplegurav (UP),3
749,359A,Pimplegurav to Rajguru Nagar Low Collage (DOWN),3
798,370,Davdigaon to Bhosari Chakan Road (UP),3
799,370,Bhosari Chakan Road to Holewadi (DOWN),3
920,66,Thakarwadi to Marketyard Depot (UP),3
921,66,Marketyard Depot to Thakarwadi (DOWN),3
1024,92,Venutai Chavan College to Kothrud Depot (UP),2
1025,92,Kothrud Depot to Venutai Chavan College (DOWN),2
1032,95,PVPIT College Bawdhan to Deccan Gymkhana (UP),2
1033,95,Deccan Gymkhana to PVPIT College Bawdhan (DOWN),2
1034,97,Sahakar Nagar to Ganpati Matha (UP),2
1035,97,Ganpati Matha to Sahakar Nagar (DOWN),2
1090,K7,Deccan Gymkhana to Sneha Vihar Dangat Patil Nagar (DOWN),2
11,103M,Kothrud Depot to Katraj (UP),2
12,103M,Katraj to Kothrud Depot (DOWN),2
125,135,Ma Na Pa Shramik Bhavan to Ranjangaon Sandas (DOWN),2
146,140A,Pune Station Jayprakash Stand to Katraj Kondhwa Road (UP),2
147,140A,Katraj Kondhwa Road to Pune Station Jayprakash Stand (DOWN),2
286,175,Shaniwarwada Stand to Hadapsar Gadital (DOWN),2
415,219,Kothrud Depot to Alandi (DOWN),2
424,225,Hinjawadi Maan Phase 3 to Kharadi Gaon (UP),2
448,231,Shilim Gaon to Marketyard Depot (UP),2
449,231,Marketyard Depot to Shilim Gaon (DOWN),2
478,258,Nilanjan Society Soosgaon to Ma Na Pa Main Gate (UP),2
479,258,Ma Na Pa Main Gate to Nilanjan Society Soosgaon (DOWN),2
504,283,Pune Station Moledina Stand to Kumbare Park (UP),2
505,283,Kumbare Park to Pune Station Moledina Stand (DOWN),2
561,302A,Alandi to Pimprigaon (UP),2
562,302A,Pimprigaon to Alandi (DOWN),2
598,312,Pune Station Depot to Chinchwadgaon (DOWN),2
62,11A,Kasarwadi Railway Station to Marketyard Depot (UP),2
63,11A,Marketyard Depot to Kasarwadi Railway Station (DOWN),2
656,330,Talegaon Dhabhade Maruti Mandir to Alandi (UP),2
713,351,Alandi to Jambe (DOWN),2
714,352,Rajguru Nagar Low Collage to Pune Station Sassoon Road (UP),2
715,352,Pune Station Sassoon Road to Rajguru Nagar Low Collage (DOWN),2
805,372M,Megapolis Phase 3 to Nigdi Bhakti Shakti Stand (UP),2
806,372M,Nigdi Bhakti Shakti Stand to Megapolis Phase 3 (DOWN),2
810,373,Neilsoft Company infosys Phase 3 to Sangvi Vasantdada Putala (UP),2
812,373,Sangvi Vasantdada Putala to Neilsoft Company infosys Phase 3 (DOWN),2
823,376,Pimprigaon to Ma Na Pa Main Stand (UP),2
824,376,Ma Na Pa Main Stand to Pimprigaon (DOWN),2
831,380,Hinjawadi Maan Phase 3 to Bhosari Terminal (UP),2
832,380,Bhosari Terminal to Hinjawadi Maan Phase 3 (DOWN),2
840,41,Sangvi Vasantdada Putala to Upper Depot (UP),2
841,41,Upper Depot to Sangvi Vasantdada Putala (DOWN),2
930,68,Upper Depot to Sutardara (UP),2
931,68,Sutardara to Upper Depot (DOWN),2
961,78,Nda 10 No. Gate to Marketyard Depot (UP),2
962,78,Marketyard Depot to Nda 10 No. Gate (DOWN),2
970,81,Pune Station Moledina Stand to Kumbare Park (UP),2
971,81,Kumbare Park to Pune Station Moledina Stand (DOWN),2
994,85,Khadewadi to Ma Na Pa Congress Bhavan (UP),2
1136,RATRANI 1,Mariaai Gate Navin St Stand to Katraj (UP),1
1137,RATRANI 1,Katraj to Mariaai Gate Navin St Stand (DOWN),1
124,135,Ranjangaon Sandas to Ma Na Pa Shramik Bhavan (UP),1
285,175,Hadapsar Gadital to Shaniwarwada Stand (UP),1
414,219,Alandi to Kothrud Depot (UP),1
911,64M,Ganpati Matha to Hadapsar Gadital (UP),1
912,64M,Hadapsar Gadital to Ganpati Matha (DOWN),1
995,85,Ma Na Pa Congress Bhavan to Khadewadi (DOWN),1
